[{"model": "core.operation", "pk": 1, "fields": {"name": "Alphabet Inc -C-", "currency": "EUR", "is_active": true, "exposure_value": 1287.6, "position": 200.0, "realized_profit": 347.2299999999998, "underlying": null, "start_date": "2017-02-02", "end_date": null}}, {"model": "core.operation", "pk": 2, "fields": {"name": "Apple Inc", "currency": "EUR", "is_active": true, "exposure_value": 0.0, "position": 0.0, "realized_profit": 250.21999999999997, "underlying": "AAPL", "start_date": "2017-04-03", "end_date": null}}, {"model": "core.operation", "pk": 3, "fields": {"name": "AEX-Index", "currency": "EUR", "is_active": true, "exposure_value": 724.42, "position": 170.0, "realized_profit": -609.0999999999999, "underlying": "^AEX", "start_date": "2017-04-12", "end_date": null}}, {"model": "core.operation", "pk": 4, "fields": {"name": "ASML", "currency": "EUR", "is_active": true, "exposure_value": 1059.6, "position": 600.0, "realized_profit": -272.9, "underlying": null, "start_date": "2017-05-25", "end_date": null}}, {"model": "core.operation", "pk": 5, "fields": {"name": "McDonalds Corp", "currency": "EUR", "is_active": false, "exposure_value": 165.5, "position": 100.0, "realized_profit": 81.80000000000001, "underlying": null, "start_date": "2017-05-03", "end_date": "2017-05-24"}}, {"model": "core.operation", "pk": 6, "fields": {"name": "Walt Disney Co", "currency": "EUR", "is_active": false, "exposure_value": 0.0, "position": 0.0, "realized_profit": -222.8, "underlying": null, "start_date": "2017-05-03", "end_date": "2017-05-16"}}, {"model": "core.operation", "pk": 7, "fields": {"name": "Royal Dutch Shell -A-", "currency": "EUR", "is_active": true, "exposure_value": 187.4, "position": 100.0, "realized_profit": 0.0, "underlying": null, "start_date": "2017-05-27", "end_date": null}}, {"model": "core.operation", "pk": 8, "fields": {"name": "Intesa SanPaolo S.p.A. CB", "currency": "EUR", "is_active": false, "exposure_value": 0.0, "position": 0.0, "realized_profit": 28.0, "underlying": null, "start_date": "2017-05-09", "end_date": null}}, {"model": "core.operation", "pk": 9, "fields": {"name": "General Electric Co", "currency": "EUR", "is_active": true, "exposure_value": 0.0, "position": 0.0, "realized_profit": -52.650000000000006, "underlying": null, "start_date": "2017-05-24", "end_date": null}}, {"model": "core.operation", "pk": 10, "fields": {"name": "Boeing Co", "currency": "EUR", "is_active": true, "exposure_value": 961.44, "position": 180.0, "realized_profit": 484.1, "underlying": null, "start_date": null, "end_date": null}}, {"model": "core.operation", "pk": 11, "fields": {"name": "AEGON NV", "currency": "EUR", "is_active": true, "exposure_value": 0.0, "position": 0.0, "realized_profit": 494.85, "underlying": null, "start_date": null, "end_date": null}}, {"model": "core.operation", "pk": 12, "fields": {"name": "NASDAQ 100", "currency": "EUR", "is_active": true, "exposure_value": 0.0, "position": 0.0, "realized_profit": 229.0999999999999, "underlying": null, "start_date": null, "end_date": null}}, {"model": "core.operation", "pk": 13, "fields": {"name": "EUR-GBP", "currency": "EUR", "is_active": true, "exposure_value": 0.0, "position": 0.0, "realized_profit": -4.980000000000004, "underlying": null, "start_date": null, "end_date": null}}, {"model": "core.operation", "pk": 14, "fields": {"name": "BMW AG", "currency": "EUR", "is_active": true, "exposure_value": 0.0, "position": 0.0, "realized_profit": -117.3, "underlying": null, "start_date": null, "end_date": null}}, {"model": "core.operation", "pk": 15, "fields": {"name": "Henkel GS", "currency": "EUR", "is_active": true, "exposure_value": 0.0, "position": 0.0, "realized_profit": -254.0, "underlying": null, "start_date": null, "end_date": null}}, {"model": "core.operation", "pk": 16, "fields": {"name": "EUR/USD", "currency": "EUR", "is_active": true, "exposure_value": 0.0, "position": 0.0, "realized_profit": 17.980000000000018, "underlying": null, "start_date": null, "end_date": null}}, {"model": "core.operation", "pk": 17, "fields": {"name": "BAM", "currency": "EUR", "is_active": true, "exposure_value": 0.0, "position": 0.0, "realized_profit": 117.5, "underlying": null, "start_date": null, "end_date": null}}, {"model": "core.operation", "pk": 18, "fields": {"name": "Tesla Inc", "currency": "EUR", "is_active": true, "exposure_value": 0.0, "position": 0.0, "realized_profit": 229.35000000000002, "underlying": null, "start_date": null, "end_date": null}}, {"model": "core.operation", "pk": 19, "fields": {"name": "ING Groep", "currency": "EUR", "is_active": true, "exposure_value": 471.25, "position": 250.0, "realized_profit": 0.0, "underlying": null, "start_date": null, "end_date": null}}, {"model": "core.operation", "pk": 20, "fields": {"name": "Bitcoin", "currency": "EUR", "is_active": true, "exposure_value": 878.36, "position": 60.0, "realized_profit": 0.0, "underlying": "XBT", "start_date": "2017-08-10", "end_date": null}}, {"model": "core.marketdata", "pk": 1, "fields": {"symbol": "GOOG", "price": 951.61, "poll_time": "2017-07-14T21:56:00.246Z"}}, {"model": "core.marketdata", "pk": 2, "fields": {"symbol": "AAPL", "price": 148.9293, "poll_time": "2017-07-14T21:56:00.246Z"}}, {"model": "core.marketdata", "pk": 3, "fields": {"symbol": "FB", "price": 159.98, "poll_time": "2017-07-14T21:56:00.246Z"}}, {"model": "core.marketdata", "pk": 4, "fields": {"symbol": "GE", "price": 26.8333, "poll_time": "2017-07-14T21:56:00.246Z"}}, {"model": "core.marketdata", "pk": 5, "fields": {"symbol": "^ESX", "price": 124.98, "poll_time": "2017-07-14T21:56:00.246Z"}}, {"model": "core.marketdata", "pk": 6, "fields": {"symbol": "^AEX", "price": 519.11, "poll_time": "2017-07-14T21:56:00.246Z"}}, {"model": "core.marketdata", "pk": 7, "fields": {"symbol": "^GSPC", "price": 2451.33, "poll_time": "2017-07-14T21:56:00.246Z"}}, {"model": "core.marketdata", "pk": 10, "fields": {"symbol": "ISP.MI", "price": 2.864, "poll_time": "2017-07-14T21:56:00.246Z"}}, {"model": "core.marketdata", "pk": 11, "fields": {"symbol": "ASML", "price": 138.86, "poll_time": "2017-07-14T21:56:00.246Z"}}, {"model": "core.marketdata", "pk": 12, "fields": {"symbol": "RDSB.L", "price": 2075.5, "poll_time": "2017-07-14T21:56:00.246Z"}}, {"model": "core.trade", "pk": 1, "fields": {"trade_date": "2017-02-02", "currency": "EUR", "value": 940.97, "openorclose": "OP", "instrument": "Alphabet Inc -C- Binck XL tl 610.9417", "volume": 49.0, "price": 19.081, "operation": 1}}, {"model": "core.trade", "pk": 2, "fields": {"trade_date": "2017-02-13", "currency": "EUR", "value": -1035.25, "openorclose": "CL", "instrument": "Alphabet Inc -C- Binck XL tl 610.9417", "volume": -49.0, "price": 21.25, "operation": 1}}, {"model": "core.trade", "pk": 3, "fields": {"trade_date": "2017-02-15", "currency": "EUR", "value": 901.0, "openorclose": "OP", "instrument": "Alphabet Inc -C- Binck XL tl 743.3124", "volume": 100.0, "price": 8.95, "operation": 1}}, {"model": "core.trade", "pk": 4, "fields": {"trade_date": "2017-06-13", "currency": "EUR", "value": 87.25, "openorclose": "OP", "instrument": "Alphabet Inc -C- Binck tl 906.6574", "volume": 10.0, "price": 8.125, "operation": 1}}, {"model": "core.trade", "pk": 5, "fields": {"trade_date": "2017-03-08", "currency": "EUR", "value": -1013.8, "openorclose": "CL", "instrument": "Alphabet Inc -C- Binck XL tl 743.3124", "volume": -100.0, "price": 10.198, "operation": 1}}, {"model": "core.trade", "pk": 6, "fields": {"trade_date": "2017-06-13", "currency": "EUR", "value": -56.8, "openorclose": "CL", "instrument": "British Pound (EUR / Binck XL tl 0.8559", "volume": -20.0, "price": 3.14, "operation": 13}}, {"model": "core.trade", "pk": 7, "fields": {"trade_date": "2017-06-12", "currency": "EUR", "value": 44.7, "openorclose": "OP", "instrument": "Apple Inc Binck turboXL long 140.651", "volume": 100.0, "price": 0.387, "operation": 2}}, {"model": "core.trade", "pk": 8, "fields": {"trade_date": "2017-06-12", "currency": "EUR", "value": 136.2, "openorclose": "OP", "instrument": "NQ 100 ING Sprinter BEST long 5531.34", "volume": 70.0, "price": 1.86, "operation": 12}}, {"model": "core.trade", "pk": 9, "fields": {"trade_date": "2017-03-10", "currency": "EUR", "value": 991.32, "openorclose": "OP", "instrument": "Alphabet Inc -C- Binck XL tl 797.9085", "volume": 170.0, "price": 5.796, "operation": 1}}, {"model": "core.trade", "pk": 10, "fields": {"trade_date": "2017-06-12", "currency": "EUR", "value": 290.0, "openorclose": "OP", "instrument": "Alphabet Inc -C- Binck XL tl 930.3047", "volume": 1000.0, "price": 0.284, "operation": 1}}, {"model": "core.trade", "pk": 11, "fields": {"trade_date": "2017-03-27", "currency": "EUR", "value": 78.6, "openorclose": "OP", "instrument": "Alphabet Inc -C- Binck XL tl 797.9085", "volume": 30.0, "price": 2.42, "operation": 1}}, {"model": "core.trade", "pk": 12, "fields": {"trade_date": "2017-06-09", "currency": "EUR", "value": 61.78, "openorclose": "OP", "instrument": "British Pound (EUR / Binck XL tl 0.8559", "volume": 20.0, "price": 2.789, "operation": 13}}, {"model": "core.trade", "pk": 13, "fields": {"trade_date": "2017-04-03", "currency": "EUR", "value": 110.22, "openorclose": "OP", "instrument": "Apple Inc Binck turboXL long 138.9873", "volume": 180.0, "price": 0.579, "operation": 2}}, {"model": "core.trade", "pk": 14, "fields": {"trade_date": "2017-04-12", "currency": "EUR", "value": 351.3, "openorclose": "OP", "instrument": "AEX-Index Binck turboXL long 495.8423", "volume": 150.0, "price": 2.302, "operation": 3}}, {"model": "core.trade", "pk": 15, "fields": {"trade_date": "2017-06-08", "currency": "EUR", "value": -59.0, "openorclose": "CL", "instrument": "ASML Binck turboXL long 114.7054", "volume": -100.0, "price": 0.65, "operation": 4}}, {"model": "core.trade", "pk": 16, "fields": {"trade_date": "2017-04-19", "currency": "EUR", "value": 162.0, "openorclose": "OP", "instrument": "AEX BNP Booster long 495.4", "volume": 100.0, "price": 1.56, "operation": 3}}, {"model": "core.trade", "pk": 17, "fields": {"trade_date": "2017-04-24", "currency": "EUR", "value": -257.0, "openorclose": "CL", "instrument": "AEX BNP Booster long 495.4", "volume": -100.0, "price": 2.63, "operation": 3}}, {"model": "core.trade", "pk": 18, "fields": {"trade_date": "2017-06-08", "currency": "EUR", "value": 309.6, "openorclose": "OP", "instrument": "Alphabet Inc -C- Binck XL tl 960.2097", "volume": 120.0, "price": 2.53, "operation": 1}}, {"model": "core.trade", "pk": 19, "fields": {"trade_date": "2017-04-24", "currency": "EUR", "value": -1394.0, "openorclose": "CL", "instrument": "Alphabet Inc -C- Binck XL tl 797.9085", "volume": -200.0, "price": 7.0, "operation": 1}}, {"model": "core.trade", "pk": 20, "fields": {"trade_date": "2017-06-08", "currency": "EUR", "value": -252.15, "openorclose": "CL", "instrument": "General Electric Co Binck XL tl 25.9556", "volume": -150.0, "price": 1.721, "operation": 9}}, {"model": "core.trade", "pk": 21, "fields": {"trade_date": "2017-04-25", "currency": "EUR", "value": 266.4, "openorclose": "OP", "instrument": "ASML Binck turboXL long 114.7054", "volume": 300.0, "price": 0.868, "operation": 4}}, {"model": "core.trade", "pk": 22, "fields": {"trade_date": "2017-06-08", "currency": "EUR", "value": -51.0, "openorclose": "CL", "instrument": "ASML Binck turboXL long 114.7054", "volume": -100.0, "price": 0.57, "operation": 4}}, {"model": "core.trade", "pk": 23, "fields": {"trade_date": "2017-05-03", "currency": "EUR", "value": 212.2, "openorclose": "OP", "instrument": "McDonalds Corp Binck XL tl 133.0397", "volume": 200.0, "price": 1.031, "operation": 5}}, {"model": "core.trade", "pk": 24, "fields": {"trade_date": "2017-06-06", "currency": "EUR", "value": 616.2, "openorclose": "OP", "instrument": "NQ 100 ING Sprinter BEST long 5531.34", "volume": 180.0, "price": 3.39, "operation": 12}}, {"model": "core.trade", "pk": 25, "fields": {"trade_date": "2017-05-03", "currency": "EUR", "value": 182.4, "openorclose": "OP", "instrument": "Walt Disney Co Binck XL tl 108.1058", "volume": 300.0, "price": 0.588, "operation": 6}}, {"model": "core.trade", "pk": 26, "fields": {"trade_date": "2017-06-06", "currency": "EUR", "value": -580.2, "openorclose": "CL", "instrument": "Alphabet Inc -C- Binck XL tl 951.0378", "volume": -150.0, "price": 3.908, "operation": 1}}, {"model": "core.trade", "pk": 27, "fields": {"trade_date": "2017-05-05", "currency": "EUR", "value": -540.0, "openorclose": "CL", "instrument": "AEX-Index Binck turboXL long 495.8423", "volume": -150.0, "price": 3.64, "operation": 3}}, {"model": "core.trade", "pk": 28, "fields": {"trade_date": "2017-06-12", "currency": "EUR", "value": 0.0, "openorclose": "CL", "instrument": "Alphabet Inc -C- Binck XL tl 930.3047", "volume": -1000.0, "price": 0.0, "operation": 1}}, {"model": "core.trade", "pk": 29, "fields": {"trade_date": "2017-06-12", "currency": "EUR", "value": 0.0, "openorclose": "CL", "instrument": "ASML Binck turboXL long 114.7054", "volume": -300.0, "price": 0.0, "operation": 4}}, {"model": "core.trade", "pk": 30, "fields": {"trade_date": "2017-06-09", "currency": "EUR", "value": 0.0, "openorclose": "CL", "instrument": "Alphabet Inc -C- Binck XL tl 960.2097", "volume": -120.0, "price": 0.0, "operation": 1}}, {"model": "core.trade", "pk": 31, "fields": {"trade_date": "2017-05-31", "currency": "EUR", "value": 49.2, "openorclose": "OP", "instrument": "ASML Binck turboXL long 114.7054", "volume": 100.0, "price": 0.432, "operation": 4}}, {"model": "core.trade", "pk": 32, "fields": {"trade_date": "2017-05-30", "currency": "EUR", "value": 425.55, "openorclose": "OP", "instrument": "Alphabet Inc -C- Binck XL tl 951.0378", "volume": 150.0, "price": 2.797, "operation": 1}}, {"model": "core.trade", "pk": 33, "fields": {"trade_date": "2017-05-30", "currency": "EUR", "value": -210.0, "openorclose": "CL", "instrument": "Intesa SanPaolo S.p.A. CB Btl 1.8529", "volume": -300.0, "price": 0.72, "operation": 8}}, {"model": "core.trade", "pk": 34, "fields": {"trade_date": "2017-05-26", "currency": "EUR", "value": 522.0, "openorclose": "OP", "instrument": "AEX-Index Binck turboXL long 511.4297", "volume": 300.0, "price": 1.72, "operation": 3}}, {"model": "core.trade", "pk": 35, "fields": {"trade_date": "2017-05-25", "currency": "EUR", "value": 670.05, "openorclose": "OP", "instrument": "AEGON NV", "volume": 150.0, "price": 4.427, "operation": 11}}, {"model": "core.trade", "pk": 36, "fields": {"trade_date": "2017-05-24", "currency": "EUR", "value": 304.8, "openorclose": "OP", "instrument": "General Electric Co Binck XL tl 25.9556", "volume": 150.0, "price": 1.992, "operation": 9}}, {"model": "core.trade", "pk": 37, "fields": {"trade_date": "2017-05-24", "currency": "EUR", "value": -294.0, "openorclose": "CL", "instrument": "McDonalds Corp Binck XL tl 133.0397", "volume": -200.0, "price": 1.5, "operation": 5}}, {"model": "core.trade", "pk": 38, "fields": {"trade_date": "2017-05-24", "currency": "EUR", "value": 388.2, "openorclose": "OP", "instrument": "Apple Inc Binck turboXL long 140.651", "volume": 300.0, "price": 1.274, "operation": 2}}, {"model": "core.trade", "pk": 39, "fields": {"trade_date": "2017-05-24", "currency": "EUR", "value": 67.3, "openorclose": "OP", "instrument": "ASML Binck turboXL long 114.7054", "volume": 100.0, "price": 0.613, "operation": 4}}, {"model": "core.trade", "pk": 40, "fields": {"trade_date": "2017-05-24", "currency": "EUR", "value": -514.4, "openorclose": "CL", "instrument": "Alphabet Inc -C- Binck XL tl 904.8758", "volume": -100.0, "price": 5.204, "operation": 1}}, {"model": "core.trade", "pk": 41, "fields": {"trade_date": "2017-05-18", "currency": "EUR", "value": 0.0, "openorclose": "CL", "instrument": "300 AEX-Index Binck turboXL long 523.3603", "volume": -300.0, "price": 0.0, "operation": 3}}, {"model": "core.trade", "pk": 42, "fields": {"trade_date": "2017-05-16", "currency": "EUR", "value": 0.0, "openorclose": "CL", "instrument": "Walt Disney Co Binck XL tl 108.1058", "volume": -400.0, "price": 0.0, "operation": 6}}, {"model": "core.trade", "pk": 43, "fields": {"trade_date": "2017-05-12", "currency": "EUR", "value": 40.4, "openorclose": "OP", "instrument": "Walt Disney Co Binck XL tl 108.1058", "volume": 100.0, "price": 0.344, "operation": 6}}, {"model": "core.trade", "pk": 44, "fields": {"trade_date": "2017-05-10", "currency": "EUR", "value": 370.8, "openorclose": "OP", "instrument": "AEX-Index Binck turboXL long 523.3603", "volume": 300.0, "price": 1.216, "operation": 3}}, {"model": "core.trade", "pk": 45, "fields": {"trade_date": "2017-05-09", "currency": "EUR", "value": 270.0, "openorclose": "OP", "instrument": "Intesa SanPaolo S.p.A. CB Btl 1.8529", "volume": 300.0, "price": 0.88, "operation": 8}}, {"model": "core.trade", "pk": 46, "fields": {"trade_date": "2017-05-08", "currency": "EUR", "value": -192.54, "openorclose": "CL", "instrument": "Apple Inc Binck turboXL long 138.9873", "volume": -180.0, "price": 1.103, "operation": 2}}, {"model": "core.trade", "pk": 47, "fields": {"trade_date": "2017-05-08", "currency": "EUR", "value": 187.4, "openorclose": "OP", "instrument": "Royal Dutch Shell -A Binck XL tl 22.7932", "volume": 100.0, "price": 1.814, "operation": 7}}, {"model": "core.trade", "pk": 48, "fields": {"trade_date": "2017-05-05", "currency": "EUR", "value": 314.0, "openorclose": "OP", "instrument": "Alphabet Inc -C- Binck XL tl 904.8758", "volume": 100.0, "price": 3.08, "operation": 1}}, {"model": "core.trade", "pk": 49, "fields": {"trade_date": "2017-06-23", "currency": "EUR", "value": 217.5, "openorclose": "OP", "instrument": "BMW AG Binck turbo long 80.9818", "volume": 300.0, "price": 0.705, "operation": 14}}, {"model": "core.trade", "pk": 50, "fields": {"trade_date": "2017-06-26", "currency": "EUR", "value": 240.0, "openorclose": "OP", "instrument": "Boeing Co Binck turboXL long 176.1705", "volume": 100.0, "price": 2.34, "operation": 10}}, {"model": "core.trade", "pk": 51, "fields": {"trade_date": "2017-06-26", "currency": "EUR", "value": 376.0, "openorclose": "OP", "instrument": "Intesa SanPaolo S.p.A. CB Btl 2.3983", "volume": 1000.0, "price": null, "operation": 8}}, {"model": "core.trade", "pk": 52, "fields": {"trade_date": "2017-06-26", "currency": "EUR", "value": 404.0, "openorclose": "OP", "instrument": "Henkel GS turbo long 114.2", "volume": 200.0, "price": 1.99, "operation": 15}}, {"model": "core.trade", "pk": 54, "fields": {"trade_date": "2017-06-30", "currency": "EUR", "value": 165.92, "openorclose": "OP", "instrument": "US Dollar (EUR / USD) Binck ts 1.1792", "volume": 40.0, "price": 3998.0, "operation": 16}}, {"model": "core.trade", "pk": 55, "fields": {"trade_date": "2017-07-04", "currency": "EUR", "value": -464.0, "openorclose": "CL", "instrument": "Intesa SanPaolo S.p.A. CB Btl 2.4009", "volume": -1000.0, "price": 0.47, "operation": 8}}, {"model": "core.trade", "pk": 56, "fields": {"trade_date": "2017-07-04", "currency": "EUR", "value": 695.0, "openorclose": "OP", "instrument": "BAM Binck turbo long 4.3593", "volume": 1000.0, "price": 0.689, "operation": 17}}, {"model": "core.trade", "pk": 57, "fields": {"trade_date": "2017-07-05", "currency": "EUR", "value": -183.9, "openorclose": "CL", "instrument": "US Dollar (EUR / USD) Binck ts 1.1792", "volume": -40.0, "price": 4.73, "operation": 16}}, {"model": "core.trade", "pk": 58, "fields": {"trade_date": "2017-07-07", "currency": "EUR", "value": 165.5, "openorclose": "OP", "instrument": "McDonalds Corp Binck XL tl 136.4282", "volume": 100.0, "price": 1.595, "operation": 5}}, {"model": "core.trade", "pk": 59, "fields": {"trade_date": "2017-06-28", "currency": "EUR", "value": 107.82, "openorclose": "OP", "instrument": "Alphabet Inc -C- Binck tl 907.4565", "volume": 20.0, "price": 5.091, "operation": 1}}, {"model": "core.trade", "pk": 61, "fields": {"trade_date": "2017-06-30", "currency": "EUR", "value": 0.0, "openorclose": "CL", "instrument": "AEX-Index Binck turboXL long 511.6488", "volume": -300.0, "price": 0.0, "operation": 3}}, {"model": "core.trade", "pk": 62, "fields": {"trade_date": "2017-07-03", "currency": "EUR", "value": -113.25, "openorclose": "CL", "instrument": "Alphabet Inc -C- Binck tl 907.4565", "volume": -30.0, "price": 3.775, "operation": 1}}, {"model": "core.trade", "pk": 63, "fields": {"trade_date": "2017-07-03", "currency": "EUR", "value": -100.2, "openorclose": "CL", "instrument": "BMW AG Binck turbo long 81.0171", "volume": -300.0, "price": 0.334, "operation": 14}}, {"model": "core.trade", "pk": 64, "fields": {"trade_date": "2017-07-11", "currency": "EUR", "value": -266.5, "openorclose": "CL", "instrument": "Boeing Co Binck turboXL long 176.5327", "volume": -100.0, "price": 2.725, "operation": 10}}, {"model": "core.trade", "pk": 65, "fields": {"trade_date": "2017-07-11", "currency": "EUR", "value": 303.77, "openorclose": "OP", "instrument": "Alphabet Inc -C- Binck XL tl 882.1444", "volume": 65.0, "price": 4.581, "operation": 1}}, {"model": "core.trade", "pk": 66, "fields": {"trade_date": "2017-07-13", "currency": "EUR", "value": -383.0, "openorclose": "CL", "instrument": "BAM Binck turbo long 4.3607", "volume": -500.0, "price": 0.778, "operation": 17}}, {"model": "core.trade", "pk": 67, "fields": {"trade_date": "2017-07-13", "currency": "EUR", "value": 400.5, "openorclose": "OP", "instrument": "Tesla Inc Binck turboXL long 302.2186", "volume": 150.0, "price": 2.63, "operation": 18}}, {"model": "core.trade", "pk": 68, "fields": {"trade_date": "2017-07-14", "currency": "EUR", "value": 471.25, "openorclose": "OP", "instrument": "ING Groep Binck turbo long", "volume": 250.0, "price": 1.861, "operation": 19}}, {"model": "core.trade", "pk": 69, "fields": {"trade_date": "2017-07-13", "currency": "EUR", "value": -718.5, "openorclose": "CL", "instrument": "AEGON NV", "volume": -150.0, "price": 4.0, "operation": 11}}, {"model": "core.trade", "pk": 70, "fields": {"trade_date": "2017-07-14", "currency": "EUR", "value": -446.21, "openorclose": "OP", "instrument": "Alphabet Inc -C- Binck XL tl 882.1444", "volume": -65.0, "price": 6.957, "operation": 1}}, {"model": "core.trade", "pk": 71, "fields": {"trade_date": "2017-07-14", "currency": "EUR", "value": 352.4, "openorclose": "OP", "instrument": "Boeing Co Binck turboXL long 190.5232", "volume": 200.0, "price": 1.732, "operation": 10}}, {"model": "core.trade", "pk": 72, "fields": {"trade_date": "2017-07-27", "currency": "EUR", "value": -981.5, "openorclose": "CL", "instrument": "NQ 100 ING Sprinter BEST long 5544.42", "volume": -250.0, "price": 3.95, "operation": 12}}, {"model": "core.trade", "pk": 73, "fields": {"trade_date": "2017-07-27", "currency": "EUR", "value": -375.6, "openorclose": "CL", "instrument": "Boeing Co Binck turboXL long 190.8108", "volume": -100.0, "price": 3.816, "operation": 10}}, {"model": "core.trade", "pk": 74, "fields": {"trade_date": "2017-07-18", "currency": "EUR", "value": 730.9, "openorclose": "OP", "instrument": "Alphabet Inc -C- Binck XL tl 883.4762", "volume": 100.0, "price": 7.249, "operation": 1}}, {"model": "core.trade", "pk": 75, "fields": {"trade_date": "2017-07-19", "currency": "EUR", "value": -429.5, "openorclose": "CL", "instrument": "BAM Binck turbo long 4.3632", "volume": -500.0, "price": 0.871, "operation": 17}}, {"model": "core.trade", "pk": 76, "fields": {"trade_date": "2017-08-02", "currency": "EUR", "value": -600.8, "openorclose": "CL", "instrument": "Apple Inc Binck turboXL long 141.007", "volume": -400.0, "price": 1.517, "operation": 2}}, {"model": "core.trade", "pk": 77, "fields": {"trade_date": "2017-07-28", "currency": "EUR", "value": 556.7, "openorclose": "OP", "instrument": "Alphabet Inc -C- Binck XL tl 885.0152", "volume": 100.0, "price": 5.567, "operation": 1}}, {"model": "core.trade", "pk": 78, "fields": {"trade_date": "2017-08-03", "currency": "EUR", "value": -629.85, "openorclose": "CL", "instrument": "Tesla Inc Binck turboXL long 303.2022", "volume": -150.0, "price": 4.239, "operation": 18}}, {"model": "core.trade", "pk": 79, "fields": {"trade_date": "2017-07-27", "currency": "EUR", "value": -434.4, "openorclose": "CL", "instrument": "Boeing Co Binck turboXL long 190.149", "volume": -100.0, "price": 4.404, "operation": 10}}, {"model": "core.trade", "pk": 80, "fields": {"trade_date": "2017-08-03", "currency": "EUR", "value": 961.44, "openorclose": "OP", "instrument": "Boeing Co Binck turboXL long 176.1129", "volume": 180.0, "price": 5.308, "operation": 10}}, {"model": "core.trade", "pk": 81, "fields": {"trade_date": "2017-08-07", "currency": "EUR", "value": 1059.6, "openorclose": "OP", "instrument": "ASML Binck turboXL long 113.4693", "volume": 600.0, "price": 1.756, "operation": 4}}, {"model": "core.trade", "pk": 82, "fields": {"trade_date": "2017-08-07", "currency": "EUR", "value": 816.0, "openorclose": "OP", "instrument": "AEGON NV Binck turboXL long 4.2138", "volume": 1200.0, "price": 0.675, "operation": 11}}, {"model": "core.trade", "pk": 83, "fields": {"trade_date": "2017-08-10", "currency": "EUR", "value": -624.0, "openorclose": "CL", "instrument": "AEGON NV Binck turboXL long 4.2138", "volume": -600.0, "price": 1.05, "operation": 11}}, {"model": "core.trade", "pk": 84, "fields": {"trade_date": "2017-08-10", "currency": "EUR", "value": -638.4, "openorclose": "CL", "instrument": "AEGON NV Binck turboXL long 4.2138", "volume": -600.0, "price": 1.074, "operation": 11}}, {"model": "core.trade", "pk": 85, "fields": {"trade_date": "2017-08-10", "currency": "EUR", "value": 878.36, "openorclose": "OP", "instrument": "Bitcoin Tracker One", "volume": 60.0, "price": 139.1, "operation": 20}}, {"model": "core.trade", "pk": 86, "fields": {"trade_date": "2017-08-11", "currency": "EUR", "value": 724.42, "openorclose": "OP", "instrument": "AEX-Index Binck turbo long 480.7562", "volume": 170.0, "price": 4.226, "operation": 3}}, {"model": "core.trade", "pk": 87, "fields": {"trade_date": "2017-08-10", "currency": "EUR", "value": -150.0, "openorclose": "CL", "instrument": "Henkel GS turbo long 114.5", "volume": -200.0, "price": 0.75, "operation": 15}}, {"model": "contenttypes.contenttype", "pk": 1, "fields": {"app_label": "admin", "model": "logentry"}}, {"model": "contenttypes.contenttype", "pk": 2, "fields": {"app_label": "auth", "model": "user"}}, {"model": "contenttypes.contenttype", "pk": 3, "fields": {"app_label": "auth", "model": "permission"}}, {"model": "contenttypes.contenttype", "pk": 4, "fields": {"app_label": "auth", "model": "group"}}, {"model": "contenttypes.contenttype", "pk": 5, "fields": {"app_label": "contenttypes", "model": "contenttype"}}, {"model": "contenttypes.contenttype", "pk": 6, "fields": {"app_label": "sessions", "model": "session"}}, {"model": "contenttypes.contenttype", "pk": 7, "fields": {"app_label": "core", "model": "operation"}}, {"model": "contenttypes.contenttype", "pk": 8, "fields": {"app_label": "core", "model": "marketdata"}}, {"model": "contenttypes.contenttype", "pk": 9, "fields": {"app_label": "core", "model": "trade"}}, {"model": "sessions.session", "pk": "1hpigr3fqjshp1hadas7tukbke3d17ci", "fields": {"session_data": "N2U2MTVlNGRlYTQxOGZiOWNlOWU4MDllNTM4ZjY4YzQ4NjNmODA2ZTp7Il9hdXRoX3VzZXJfaGFzaCI6ImMzYTczODdlNTlhYzg3MGM4MDgxNDFmNjRkYTc3ZDI2ZTQ1NjkwODAiLCJfYXV0aF91c2VyX2JhY2tlbmQiOiJkamFuZ28uY29udHJpYi5hdXRoLmJhY2tlbmRzLk1vZGVsQmFja2VuZCIsIl9hdXRoX3VzZXJfaWQiOiIxIn0=", "expire_date": "2017-06-10T09:10:07.973Z"}}, {"model": "sessions.session", "pk": "8cu9gmgt8hmkz19b3kknmqkxq9ll8b8g", "fields": {"session_data": "MmE4YTQ0M2ViODJkZGNiYjIwN2Q3YzEzOWUxOTE3MGNjYzExMzU5ZDp7Il9hdXRoX3VzZXJfaWQiOiIxIiwiX2F1dGhfdXNlcl9oYXNoIjoiYzNhNzM4N2U1OWFjODcwYzgwODE0MWY2NGRhNzdkMjZlNDU2OTA4MCIsIl9hdXRoX3VzZXJfYmFja2VuZCI6ImRqYW5nby5jb250cmliLmF1dGguYmFja2VuZHMuTW9kZWxCYWNrZW5kIn0=", "expire_date": "2017-07-28T18:29:24.239Z"}}, {"model": "sessions.session", "pk": "fifv9enclmqb3jiqelgspcazzd2d764h", "fields": {"session_data": "N2U2MTVlNGRlYTQxOGZiOWNlOWU4MDllNTM4ZjY4YzQ4NjNmODA2ZTp7Il9hdXRoX3VzZXJfaGFzaCI6ImMzYTczODdlNTlhYzg3MGM4MDgxNDFmNjRkYTc3ZDI2ZTQ1NjkwODAiLCJfYXV0aF91c2VyX2JhY2tlbmQiOiJkamFuZ28uY29udHJpYi5hdXRoLmJhY2tlbmRzLk1vZGVsQmFja2VuZCIsIl9hdXRoX3VzZXJfaWQiOiIxIn0=", "expire_date": "2017-07-10T06:58:24.683Z"}}, {"model": "sessions.session", "pk": "ftirk1l3tmrfurxfkq95hvm3rekmojh6", "fields": {"session_data": "OTlkZDJmZWM1NDM3ODkwNTA4ODAyZDBkYTM1Nzg1MjFhNmNjNWRkNTp7Il9hdXRoX3VzZXJfaWQiOiIyIiwiX2F1dGhfdXNlcl9oYXNoIjoiNTAwNjk1YTIyYjQzMDU2NDViZjQ0ZmVlYmU3ZTU1NDljOGE4MDYxMCIsIl9hdXRoX3VzZXJfYmFja2VuZCI6ImRqYW5nby5jb250cmliLmF1dGguYmFja2VuZHMuTW9kZWxCYWNrZW5kIn0=", "expire_date": "2017-07-28T18:28:59.150Z"}}, {"model": "sessions.session", "pk": "gw8f5smfk4r9rf1hmxtewrl0nalp0xn1", "fields": {"session_data": "OWViZWVlYzg2NmI4ZDAyNjFmYWU2M2Q0OTA5YzA4ZTBjYjFkNjFiODp7Il9hdXRoX3VzZXJfYmFja2VuZCI6ImRqYW5nby5jb250cmliLmF1dGguYmFja2VuZHMuTW9kZWxCYWNrZW5kIiwiX2F1dGhfdXNlcl9oYXNoIjoiNTAwNjk1YTIyYjQzMDU2NDViZjQ0ZmVlYmU3ZTU1NDljOGE4MDYxMCIsIl9hdXRoX3VzZXJfaWQiOiIyIn0=", "expire_date": "2017-08-26T08:49:07.506Z"}}, {"model": "sessions.session", "pk": "iv3k1pxuyv7tin0sqyuhv8cvkuwfuq0f", "fields": {"session_data": "MmE4YTQ0M2ViODJkZGNiYjIwN2Q3YzEzOWUxOTE3MGNjYzExMzU5ZDp7Il9hdXRoX3VzZXJfaWQiOiIxIiwiX2F1dGhfdXNlcl9oYXNoIjoiYzNhNzM4N2U1OWFjODcwYzgwODE0MWY2NGRhNzdkMjZlNDU2OTA4MCIsIl9hdXRoX3VzZXJfYmFja2VuZCI6ImRqYW5nby5jb250cmliLmF1dGguYmFja2VuZHMuTW9kZWxCYWNrZW5kIn0=", "expire_date": "2017-07-10T19:06:47.532Z"}}, {"model": "sessions.session", "pk": "jytye6rjqsc55phhb6g9jvx3zelftcwx", "fields": {"session_data": "MTBlNmUxMmE0ODNlOGQzODY4YTRkYzIyZWE4ODFlODdmOWJiOWRjNzp7Il9hdXRoX3VzZXJfYmFja2VuZCI6ImRqYW5nby5jb250cmliLmF1dGguYmFja2VuZHMuTW9kZWxCYWNrZW5kIiwiX2F1dGhfdXNlcl9pZCI6IjIiLCJfYXV0aF91c2VyX2hhc2giOiI1MDA2OTVhMjJiNDMwNTY0NWJmNDRmZWViZTdlNTU0OWM4YTgwNjEwIn0=", "expire_date": "2017-07-22T11:10:15.830Z"}}, {"model": "sessions.session", "pk": "ljdiypmjs2plqbvw7fvds2ujpm3536e6", "fields": {"session_data": "NmVmNTNiMjY3N2RhNDYyODAzNDA5NDczNGM2ODRjZDE5NjQ2MGYwZjp7Il9hdXRoX3VzZXJfaWQiOiIxIiwiX2F1dGhfdXNlcl9iYWNrZW5kIjoiZGphbmdvLmNvbnRyaWIuYXV0aC5iYWNrZW5kcy5Nb2RlbEJhY2tlbmQiLCJfYXV0aF91c2VyX2hhc2giOiJjM2E3Mzg3ZTU5YWM4NzBjODA4MTQxZjY0ZGE3N2QyNmU0NTY5MDgwIn0=", "expire_date": "2017-07-09T20:51:04.554Z"}}, {"model": "sessions.session", "pk": "rcc67qn2e3b5pvjnk013eud10uzq30v2", "fields": {"session_data": "M2JjZTM3ODk1ZGM4YWFkNWVlMTMyNjc0YWY0YWJjMzAzMWYwNWMyYjp7Il9hdXRoX3VzZXJfYmFja2VuZCI6ImRqYW5nby5jb250cmliLmF1dGguYmFja2VuZHMuTW9kZWxCYWNrZW5kIiwiX2F1dGhfdXNlcl9pZCI6IjEiLCJfYXV0aF91c2VyX2hhc2giOiJjM2E3Mzg3ZTU5YWM4NzBjODA4MTQxZjY0ZGE3N2QyNmU0NTY5MDgwIn0=", "expire_date": "2017-07-10T18:17:54.646Z"}}, {"model": "sessions.session", "pk": "sjb8cr1rhtbhdbswlms7sj0qlnaif8v5", "fields": {"session_data": "M2JjZTM3ODk1ZGM4YWFkNWVlMTMyNjc0YWY0YWJjMzAzMWYwNWMyYjp7Il9hdXRoX3VzZXJfYmFja2VuZCI6ImRqYW5nby5jb250cmliLmF1dGguYmFja2VuZHMuTW9kZWxCYWNrZW5kIiwiX2F1dGhfdXNlcl9pZCI6IjEiLCJfYXV0aF91c2VyX2hhc2giOiJjM2E3Mzg3ZTU5YWM4NzBjODA4MTQxZjY0ZGE3N2QyNmU0NTY5MDgwIn0=", "expire_date": "2017-07-22T11:08:12.609Z"}}, {"model": "sessions.session", "pk": "vzgiw1ey5e8gp4tndwvax1hdykfc3mbt", "fields": {"session_data": "NWU3OTY4OTRlZDBhNTlhYWZjYTdkZjhhNDZlMzI3MDZlMWMwMGRjMDp7Il9hdXRoX3VzZXJfaGFzaCI6IjUwMDY5NWEyMmI0MzA1NjQ1YmY0NGZlZWJlN2U1NTQ5YzhhODA2MTAiLCJfYXV0aF91c2VyX2JhY2tlbmQiOiJkamFuZ28uY29udHJpYi5hdXRoLmJhY2tlbmRzLk1vZGVsQmFja2VuZCIsIl9hdXRoX3VzZXJfaWQiOiIyIn0=", "expire_date": "2017-07-31T18:41:43.576Z"}}, {"model": "sessions.session", "pk": "wik9erqzqnzm9fhriy6dozqhuozbjsdq", "fields": {"session_data": "MmE4YTQ0M2ViODJkZGNiYjIwN2Q3YzEzOWUxOTE3MGNjYzExMzU5ZDp7Il9hdXRoX3VzZXJfaWQiOiIxIiwiX2F1dGhfdXNlcl9oYXNoIjoiYzNhNzM4N2U1OWFjODcwYzgwODE0MWY2NGRhNzdkMjZlNDU2OTA4MCIsIl9hdXRoX3VzZXJfYmFja2VuZCI6ImRqYW5nby5jb250cmliLmF1dGguYmFja2VuZHMuTW9kZWxCYWNrZW5kIn0=", "expire_date": "2017-07-09T20:02:02.081Z"}}, {"model": "sessions.session", "pk": "x5wweehvmzvi54irgugp4opewfk7w3se", "fields": {"session_data": "OTlkZDJmZWM1NDM3ODkwNTA4ODAyZDBkYTM1Nzg1MjFhNmNjNWRkNTp7Il9hdXRoX3VzZXJfaWQiOiIyIiwiX2F1dGhfdXNlcl9oYXNoIjoiNTAwNjk1YTIyYjQzMDU2NDViZjQ0ZmVlYmU3ZTU1NDljOGE4MDYxMCIsIl9hdXRoX3VzZXJfYmFja2VuZCI6ImRqYW5nby5jb250cmliLmF1dGguYmFja2VuZHMuTW9kZWxCYWNrZW5kIn0=", "expire_date": "2017-08-10T09:53:23.560Z"}}, {"model": "auth.permission", "pk": 1, "fields": {"name": "Can add log entry", "content_type": 1, "codename": "add_logentry"}}, {"model": "auth.permission", "pk": 2, "fields": {"name": "Can change log entry", "content_type": 1, "codename": "change_logentry"}}, {"model": "auth.permission", "pk": 3, "fields": {"name": "Can delete log entry", "content_type": 1, "codename": "delete_logentry"}}, {"model": "auth.permission", "pk": 4, "fields": {"name": "Can add user", "content_type": 2, "codename": "add_user"}}, {"model": "auth.permission", "pk": 5, "fields": {"name": "Can change user", "content_type": 2, "codename": "change_user"}}, {"model": "auth.permission", "pk": 6, "fields": {"name": "Can delete user", "content_type": 2, "codename": "delete_user"}}, {"model": "auth.permission", "pk": 7, "fields": {"name": "Can add permission", "content_type": 3, "codename": "add_permission"}}, {"model": "auth.permission", "pk": 8, "fields": {"name": "Can change permission", "content_type": 3, "codename": "change_permission"}}, {"model": "auth.permission", "pk": 9, "fields": {"name": "Can delete permission", "content_type": 3, "codename": "delete_permission"}}, {"model": "auth.permission", "pk": 10, "fields": {"name": "Can add group", "content_type": 4, "codename": "add_group"}}, {"model": "auth.permission", "pk": 11, "fields": {"name": "Can change group", "content_type": 4, "codename": "change_group"}}, {"model": "auth.permission", "pk": 12, "fields": {"name": "Can delete group", "content_type": 4, "codename": "delete_group"}}, {"model": "auth.permission", "pk": 13, "fields": {"name": "Can add content type", "content_type": 5, "codename": "add_contenttype"}}, {"model": "auth.permission", "pk": 14, "fields": {"name": "Can change content type", "content_type": 5, "codename": "change_contenttype"}}, {"model": "auth.permission", "pk": 15, "fields": {"name": "Can delete content type", "content_type": 5, "codename": "delete_contenttype"}}, {"model": "auth.permission", "pk": 16, "fields": {"name": "Can add session", "content_type": 6, "codename": "add_session"}}, {"model": "auth.permission", "pk": 17, "fields": {"name": "Can change session", "content_type": 6, "codename": "change_session"}}, {"model": "auth.permission", "pk": 18, "fields": {"name": "Can delete session", "content_type": 6, "codename": "delete_session"}}, {"model": "auth.permission", "pk": 19, "fields": {"name": "Can add operation", "content_type": 7, "codename": "add_operation"}}, {"model": "auth.permission", "pk": 20, "fields": {"name": "Can change operation", "content_type": 7, "codename": "change_operation"}}, {"model": "auth.permission", "pk": 21, "fields": {"name": "Can delete operation", "content_type": 7, "codename": "delete_operation"}}, {"model": "auth.permission", "pk": 22, "fields": {"name": "Can add market data", "content_type": 8, "codename": "add_marketdata"}}, {"model": "auth.permission", "pk": 23, "fields": {"name": "Can change market data", "content_type": 8, "codename": "change_marketdata"}}, {"model": "auth.permission", "pk": 24, "fields": {"name": "Can delete market data", "content_type": 8, "codename": "delete_marketdata"}}, {"model": "auth.permission", "pk": 25, "fields": {"name": "Can add trade", "content_type": 9, "codename": "add_trade"}}, {"model": "auth.permission", "pk": 26, "fields": {"name": "Can change trade", "content_type": 9, "codename": "change_trade"}}, {"model": "auth.permission", "pk": 27, "fields": {"name": "Can delete trade", "content_type": 9, "codename": "delete_trade"}}, {"model": "auth.user", "pk": 1, "fields": {"password": "pbkdf2_sha256$36000$l0f18ZeRgvjp$XbAL9E7FNuolMfCfxNWTLc1NBqbWU3RN+g9XRBR3R+c=", "last_login": "2017-07-14T18:29:24.235Z", "is_superuser": true, "username": "hanna", "first_name": "", "last_name": "", "email": "", "is_staff": true, "is_active": true, "date_joined": "2017-05-27T09:09:53.851Z", "groups": [], "user_permissions": []}}, {"model": "auth.user", "pk": 2, "fields": {"password": "pbkdf2_sha256$36000$XDyCdo2TbveC$qS2T0/iESvr587nIb2hsRw+1Kl8YU5eiFQcJLEoXtS0=", "last_login": "2017-08-12T08:49:07.501Z", "is_superuser": true, "username": "totobgycs", "first_name": "", "last_name": "", "email": "", "is_staff": true, "is_active": true, "date_joined": "2017-07-08T11:09:39Z", "groups": [], "user_permissions": []}}, {"model": "admin.logentry", "pk": 1, "fields": {"action_time": "2017-05-27T09:11:31.319Z", "user": 1, "content_type": 7, "object_id": "1", "object_repr": "Operation object", "action_flag": 1, "change_message": "[{\"added\": {}}]"}}, {"model": "admin.logentry", "pk": 2, "fields": {"action_time": "2017-05-27T09:11:41.831Z", "user": 1, "content_type": 7, "object_id": "2", "object_repr": "Operation object", "action_flag": 1, "change_message": "[{\"added\": {}}]"}}, {"model": "admin.logentry", "pk": 3, "fields": {"action_time": "2017-05-27T09:11:47.806Z", "user": 1, "content_type": 7, "object_id": "3", "object_repr": "Operation object", "action_flag": 1, "change_message": "[{\"added\": {}}]"}}, {"model": "admin.logentry", "pk": 4, "fields": {"action_time": "2017-05-27T09:12:01.905Z", "user": 1, "content_type": 7, "object_id": "4", "object_repr": "Operation object", "action_flag": 1, "change_message": "[{\"added\": {}}]"}}, {"model": "admin.logentry", "pk": 5, "fields": {"action_time": "2017-05-27T16:50:16.874Z", "user": 1, "content_type": 7, "object_id": "1", "object_repr": "Operation: AEX-Index Binck turboXL", "action_flag": 2, "change_message": "[{\"changed\": {\"fields\": [\"name\"]}}]"}}, {"model": "admin.logentry", "pk": 6, "fields": {"action_time": "2017-05-27T16:50:19.130Z", "user": 1, "content_type": 7, "object_id": "1", "object_repr": "Operation: AEX-Index Binck turboXL", "action_flag": 2, "change_message": "[]"}}, {"model": "admin.logentry", "pk": 7, "fields": {"action_time": "2017-05-27T17:03:25.917Z", "user": 1, "content_type": 7, "object_id": "2", "object_repr": "Operation: Google turbo", "action_flag": 2, "change_message": "[]"}}, {"model": "admin.logentry", "pk": 8, "fields": {"action_time": "2017-05-27T17:08:29.131Z", "user": 1, "content_type": 7, "object_id": "1", "object_repr": "Operation: AEX-Index Binck turboXL", "action_flag": 2, "change_message": "[]"}}, {"model": "admin.logentry", "pk": 9, "fields": {"action_time": "2017-05-27T17:13:39.258Z", "user": 1, "content_type": 7, "object_id": "1", "object_repr": "Operation: Alphabet Inc -C- Binck XL", "action_flag": 2, "change_message": "[{\"changed\": {\"fields\": [\"name\"]}}]"}}, {"model": "admin.logentry", "pk": 10, "fields": {"action_time": "2017-05-27T17:54:20.830Z", "user": 1, "content_type": 7, "object_id": "2", "object_repr": "Operation: Apple Inc Binck turboXL", "action_flag": 2, "change_message": "[{\"changed\": {\"fields\": [\"name\"]}}]"}}, {"model": "admin.logentry", "pk": 11, "fields": {"action_time": "2017-05-27T17:54:33.072Z", "user": 1, "content_type": 7, "object_id": "3", "object_repr": "Operation: AEX-Index Binck turboXL", "action_flag": 2, "change_message": "[{\"changed\": {\"fields\": [\"name\"]}}]"}}, {"model": "admin.logentry", "pk": 12, "fields": {"action_time": "2017-05-27T17:54:44.948Z", "user": 1, "content_type": 7, "object_id": "4", "object_repr": "Operation: ASML Binck turboXL", "action_flag": 2, "change_message": "[{\"changed\": {\"fields\": [\"name\"]}}]"}}, {"model": "admin.logentry", "pk": 13, "fields": {"action_time": "2017-05-27T17:55:01.456Z", "user": 1, "content_type": 7, "object_id": "5", "object_repr": "Operation: McDonalds Corp Binck XL", "action_flag": 1, "change_message": "[{\"added\": {}}]"}}, {"model": "admin.logentry", "pk": 14, "fields": {"action_time": "2017-05-27T17:55:11.131Z", "user": 1, "content_type": 7, "object_id": "6", "object_repr": "Operation: Walt Disney Co Binck XL", "action_flag": 1, "change_message": "[{\"added\": {}}]"}}, {"model": "admin.logentry", "pk": 15, "fields": {"action_time": "2017-05-27T17:55:19.130Z", "user": 1, "content_type": 7, "object_id": "7", "object_repr": "Operation: Royal Dutch Shell -A Binck XL", "action_flag": 1, "change_message": "[{\"added\": {}}]"}}, {"model": "admin.logentry", "pk": 16, "fields": {"action_time": "2017-05-27T17:55:29.524Z", "user": 1, "content_type": 7, "object_id": "8", "object_repr": "Operation: Intesa SanPaolo S.p.A. CB", "action_flag": 1, "change_message": "[{\"added\": {}}]"}}, {"model": "admin.logentry", "pk": 17, "fields": {"action_time": "2017-05-27T17:55:35.559Z", "user": 1, "content_type": 7, "object_id": "9", "object_repr": "Operation: General Electric Co Binck XL", "action_flag": 1, "change_message": "[{\"added\": {}}]"}}, {"model": "admin.logentry", "pk": 18, "fields": {"action_time": "2017-05-27T18:36:39.916Z", "user": 1, "content_type": 7, "object_id": "1", "object_repr": "Operation: Alphabet Inc -C- Binck XL", "action_flag": 2, "change_message": "[{\"changed\": {\"fields\": [\"valuation_date\"]}}]"}}, {"model": "admin.logentry", "pk": 19, "fields": {"action_time": "2017-05-27T18:37:21.744Z", "user": 1, "content_type": 7, "object_id": "1", "object_repr": "Operation: Alphabet Inc -C- Binck XL", "action_flag": 2, "change_message": "[]"}}, {"model": "admin.logentry", "pk": 20, "fields": {"action_time": "2017-05-27T18:38:34.266Z", "user": 1, "content_type": 7, "object_id": "2", "object_repr": "Operation: Apple Inc Binck turboXL", "action_flag": 2, "change_message": "[{\"changed\": {\"fields\": [\"position\", \"price\", \"valuation_date\", \"invested\"]}}]"}}, {"model": "admin.logentry", "pk": 21, "fields": {"action_time": "2017-05-27T18:40:47.216Z", "user": 1, "content_type": 7, "object_id": "2", "object_repr": "Operation: Apple Inc Binck turboXL", "action_flag": 2, "change_message": "[{\"changed\": {\"fields\": [\"price\"]}}]"}}, {"model": "admin.logentry", "pk": 22, "fields": {"action_time": "2017-05-27T18:41:06.575Z", "user": 1, "content_type": 7, "object_id": "2", "object_repr": "Operation: Apple Inc Binck turboXL", "action_flag": 2, "change_message": "[{\"changed\": {\"fields\": [\"value\", \"price\"]}}]"}}, {"model": "admin.logentry", "pk": 23, "fields": {"action_time": "2017-05-27T18:41:46.378Z", "user": 1, "content_type": 7, "object_id": "3", "object_repr": "Operation: AEX-Index Binck turboXL", "action_flag": 2, "change_message": "[{\"changed\": {\"fields\": [\"value\", \"valuation_date\", \"invested\"]}}]"}}, {"model": "admin.logentry", "pk": 24, "fields": {"action_time": "2017-05-27T19:11:38.787Z", "user": 1, "content_type": 7, "object_id": "3", "object_repr": "Operation: AEX-Index Binck turboXL", "action_flag": 2, "change_message": "[{\"changed\": {\"fields\": [\"invested\"]}}]"}}, {"model": "admin.logentry", "pk": 25, "fields": {"action_time": "2017-05-27T19:13:42.939Z", "user": 1, "content_type": 7, "object_id": "1", "object_repr": "Operation: Alphabet Inc -C- Binck XL", "action_flag": 2, "change_message": "[{\"changed\": {\"fields\": [\"position\"]}}]"}}, {"model": "admin.logentry", "pk": 26, "fields": {"action_time": "2017-05-27T19:14:04.409Z", "user": 1, "content_type": 7, "object_id": "2", "object_repr": "Operation: Apple Inc Binck turboXL", "action_flag": 2, "change_message": "[{\"changed\": {\"fields\": [\"underlying\"]}}]"}}, {"model": "admin.logentry", "pk": 27, "fields": {"action_time": "2017-05-27T19:14:57.716Z", "user": 1, "content_type": 7, "object_id": "3", "object_repr": "Operation: AEX-Index Binck turboXL", "action_flag": 2, "change_message": "[{\"changed\": {\"fields\": [\"position\", \"underlying\"]}}]"}}, {"model": "admin.logentry", "pk": 28, "fields": {"action_time": "2017-05-27T19:19:35.215Z", "user": 1, "content_type": 7, "object_id": "4", "object_repr": "Operation: ASML Binck turboXL", "action_flag": 2, "change_message": "[{\"changed\": {\"fields\": [\"position\", \"valuation_date\", \"invested\"]}}]"}}, {"model": "admin.logentry", "pk": 29, "fields": {"action_time": "2017-05-27T19:20:20.881Z", "user": 1, "content_type": 7, "object_id": "7", "object_repr": "Operation: Royal Dutch Shell -A Binck XL", "action_flag": 2, "change_message": "[{\"changed\": {\"fields\": [\"position\", \"valuation_date\", \"invested\"]}}]"}}, {"model": "admin.logentry", "pk": 30, "fields": {"action_time": "2017-05-27T19:21:25.238Z", "user": 1, "content_type": 7, "object_id": "8", "object_repr": "Operation: Intesa SanPaolo S.p.A. CB", "action_flag": 2, "change_message": "[{\"changed\": {\"fields\": [\"position\", \"valuation_date\", \"invested\"]}}]"}}, {"model": "admin.logentry", "pk": 31, "fields": {"action_time": "2017-05-27T19:21:48.257Z", "user": 1, "content_type": 7, "object_id": "9", "object_repr": "Operation: General Electric Co Binck XL", "action_flag": 2, "change_message": "[{\"changed\": {\"fields\": [\"position\", \"price\", \"valuation_date\"]}}]"}}, {"model": "admin.logentry", "pk": 32, "fields": {"action_time": "2017-05-27T19:22:34.927Z", "user": 1, "content_type": 7, "object_id": "9", "object_repr": "Operation: General Electric Co Binck XL", "action_flag": 2, "change_message": "[{\"changed\": {\"fields\": [\"price\", \"invested\"]}}]"}}, {"model": "admin.logentry", "pk": 33, "fields": {"action_time": "2017-05-27T19:23:21.139Z", "user": 1, "content_type": 7, "object_id": "6", "object_repr": "Operation: Walt Disney Co Binck XL", "action_flag": 2, "change_message": "[{\"changed\": {\"fields\": [\"position\", \"end_date\"]}}]"}}, {"model": "admin.logentry", "pk": 34, "fields": {"action_time": "2017-05-27T19:23:33.955Z", "user": 1, "content_type": 7, "object_id": "5", "object_repr": "Operation: McDonalds Corp Binck XL", "action_flag": 2, "change_message": "[{\"changed\": {\"fields\": [\"position\", \"end_date\"]}}]"}}, {"model": "admin.logentry", "pk": 35, "fields": {"action_time": "2017-05-27T19:26:05.971Z", "user": 1, "content_type": 7, "object_id": "9", "object_repr": "Operation: General Electric Co Binck XL", "action_flag": 2, "change_message": "[{\"changed\": {\"fields\": [\"start_date\"]}}]"}}, {"model": "admin.logentry", "pk": 36, "fields": {"action_time": "2017-05-27T19:26:20.732Z", "user": 1, "content_type": 7, "object_id": "8", "object_repr": "Operation: Intesa SanPaolo S.p.A. CB", "action_flag": 2, "change_message": "[{\"changed\": {\"fields\": [\"start_date\"]}}]"}}, {"model": "admin.logentry", "pk": 37, "fields": {"action_time": "2017-05-27T19:26:47.086Z", "user": 1, "content_type": 7, "object_id": "6", "object_repr": "Operation: Walt Disney Co Binck XL", "action_flag": 2, "change_message": "[{\"changed\": {\"fields\": [\"start_date\", \"end_date\"]}}]"}}, {"model": "admin.logentry", "pk": 38, "fields": {"action_time": "2017-05-27T19:27:04.072Z", "user": 1, "content_type": 7, "object_id": "5", "object_repr": "Operation: McDonalds Corp Binck XL", "action_flag": 2, "change_message": "[{\"changed\": {\"fields\": [\"start_date\", \"end_date\"]}}]"}}, {"model": "admin.logentry", "pk": 39, "fields": {"action_time": "2017-05-27T19:27:21.331Z", "user": 1, "content_type": 7, "object_id": "4", "object_repr": "Operation: ASML Binck turboXL", "action_flag": 2, "change_message": "[{\"changed\": {\"fields\": [\"start_date\"]}}]"}}, {"model": "admin.logentry", "pk": 40, "fields": {"action_time": "2017-05-27T19:27:38.266Z", "user": 1, "content_type": 7, "object_id": "3", "object_repr": "Operation: AEX-Index Binck turboXL", "action_flag": 2, "change_message": "[{\"changed\": {\"fields\": [\"start_date\"]}}]"}}, {"model": "admin.logentry", "pk": 41, "fields": {"action_time": "2017-05-27T19:27:57.323Z", "user": 1, "content_type": 7, "object_id": "2", "object_repr": "Operation: Apple Inc Binck turboXL", "action_flag": 2, "change_message": "[{\"changed\": {\"fields\": [\"start_date\"]}}]"}}, {"model": "admin.logentry", "pk": 42, "fields": {"action_time": "2017-05-27T19:28:12.676Z", "user": 1, "content_type": 7, "object_id": "1", "object_repr": "Operation: Alphabet Inc -C- Binck XL", "action_flag": 2, "change_message": "[{\"changed\": {\"fields\": [\"start_date\"]}}]"}}, {"model": "admin.logentry", "pk": 43, "fields": {"action_time": "2017-05-27T19:31:07.379Z", "user": 1, "content_type": 7, "object_id": "5", "object_repr": "Operation: McDonalds Corp Binck XL", "action_flag": 2, "change_message": "[{\"changed\": {\"fields\": [\"valuation_date\"]}}]"}}, {"model": "admin.logentry", "pk": 44, "fields": {"action_time": "2017-05-27T19:31:20.244Z", "user": 1, "content_type": 7, "object_id": "6", "object_repr": "Operation: Walt Disney Co Binck XL", "action_flag": 2, "change_message": "[{\"changed\": {\"fields\": [\"valuation_date\"]}}]"}}, {"model": "admin.logentry", "pk": 45, "fields": {"action_time": "2017-05-27T19:54:44.598Z", "user": 1, "content_type": 7, "object_id": "6", "object_repr": "Operation: Walt Disney Co Binck XL", "action_flag": 2, "change_message": "[{\"changed\": {\"fields\": [\"value\", \"price\", \"invested\"]}}]"}}, {"model": "admin.logentry", "pk": 46, "fields": {"action_time": "2017-05-27T19:55:40.559Z", "user": 1, "content_type": 7, "object_id": "6", "object_repr": "Operation: Walt Disney Co Binck XL", "action_flag": 2, "change_message": "[]"}}, {"model": "admin.logentry", "pk": 47, "fields": {"action_time": "2017-05-27T19:58:05.076Z", "user": 1, "content_type": 7, "object_id": "6", "object_repr": "Operation: Walt Disney Co Binck XL", "action_flag": 2, "change_message": "[]"}}, {"model": "admin.logentry", "pk": 48, "fields": {"action_time": "2017-05-27T19:59:17.985Z", "user": 1, "content_type": 7, "object_id": "5", "object_repr": "Operation: McDonalds Corp Binck XL", "action_flag": 2, "change_message": "[{\"changed\": {\"fields\": [\"value\", \"invested\"]}}]"}}, {"model": "admin.logentry", "pk": 49, "fields": {"action_time": "2017-05-27T20:03:30.509Z", "user": 1, "content_type": 7, "object_id": "1", "object_repr": "Operation: Alphabet Inc -C- Binck XL", "action_flag": 2, "change_message": "[{\"changed\": {\"fields\": [\"value\", \"invested\"]}}]"}}, {"model": "admin.logentry", "pk": 50, "fields": {"action_time": "2017-05-27T20:16:21.152Z", "user": 1, "content_type": 7, "object_id": "2", "object_repr": "Operation: Apple Inc Binck turboXL", "action_flag": 2, "change_message": "[{\"changed\": {\"fields\": [\"value\", \"invested\"]}}]"}}, {"model": "admin.logentry", "pk": 51, "fields": {"action_time": "2017-05-27T20:21:00.301Z", "user": 1, "content_type": 7, "object_id": "3", "object_repr": "Operation: AEX-Index Binck turboXL", "action_flag": 2, "change_message": "[{\"changed\": {\"fields\": [\"value\", \"invested\"]}}]"}}, {"model": "admin.logentry", "pk": 52, "fields": {"action_time": "2017-05-27T20:24:08.053Z", "user": 1, "content_type": 7, "object_id": "8", "object_repr": "Operation: Intesa SanPaolo S.p.A. CB", "action_flag": 2, "change_message": "[{\"changed\": {\"fields\": [\"value\", \"valuation_date\"]}}]"}}, {"model": "admin.logentry", "pk": 53, "fields": {"action_time": "2017-05-27T20:24:51.363Z", "user": 1, "content_type": 7, "object_id": "7", "object_repr": "Operation: Royal Dutch Shell -A Binck XL", "action_flag": 2, "change_message": "[{\"changed\": {\"fields\": [\"value\", \"valuation_date\"]}}]"}}, {"model": "admin.logentry", "pk": 54, "fields": {"action_time": "2017-05-27T20:25:51.250Z", "user": 1, "content_type": 7, "object_id": "9", "object_repr": "Operation: General Electric Co Binck XL", "action_flag": 2, "change_message": "[{\"changed\": {\"fields\": [\"value\", \"valuation_date\"]}}]"}}, {"model": "admin.logentry", "pk": 55, "fields": {"action_time": "2017-05-27T20:26:47.800Z", "user": 1, "content_type": 7, "object_id": "4", "object_repr": "Operation: ASML Binck turboXL", "action_flag": 2, "change_message": "[{\"changed\": {\"fields\": [\"value\"]}}]"}}, {"model": "admin.logentry", "pk": 56, "fields": {"action_time": "2017-05-27T20:27:18.495Z", "user": 1, "content_type": 7, "object_id": "4", "object_repr": "Operation: ASML Binck turboXL", "action_flag": 2, "change_message": "[{\"changed\": {\"fields\": [\"valuation_date\"]}}]"}}, {"model": "admin.logentry", "pk": 57, "fields": {"action_time": "2017-05-31T22:16:39.133Z", "user": 1, "content_type": 8, "object_id": "1", "object_repr": "MarketData object", "action_flag": 1, "change_message": "[{\"added\": {}}]"}}, {"model": "admin.logentry", "pk": 58, "fields": {"action_time": "2017-06-01T06:54:05.786Z", "user": 1, "content_type": 8, "object_id": "2", "object_repr": "MarketData object", "action_flag": 1, "change_message": "[{\"added\": {}}]"}}, {"model": "admin.logentry", "pk": 59, "fields": {"action_time": "2017-06-01T06:54:12.457Z", "user": 1, "content_type": 8, "object_id": "3", "object_repr": "MarketData object", "action_flag": 1, "change_message": "[{\"added\": {}}]"}}, {"model": "admin.logentry", "pk": 60, "fields": {"action_time": "2017-06-01T06:54:15.774Z", "user": 1, "content_type": 8, "object_id": "4", "object_repr": "MarketData object", "action_flag": 1, "change_message": "[{\"added\": {}}]"}}, {"model": "admin.logentry", "pk": 61, "fields": {"action_time": "2017-06-01T06:54:24.622Z", "user": 1, "content_type": 8, "object_id": "5", "object_repr": "MarketData object", "action_flag": 1, "change_message": "[{\"added\": {}}]"}}, {"model": "admin.logentry", "pk": 62, "fields": {"action_time": "2017-06-01T06:54:33.698Z", "user": 1, "content_type": 8, "object_id": "6", "object_repr": "MarketData object", "action_flag": 1, "change_message": "[{\"added\": {}}]"}}, {"model": "admin.logentry", "pk": 63, "fields": {"action_time": "2017-06-01T06:54:45.901Z", "user": 1, "content_type": 8, "object_id": "7", "object_repr": "MarketData object", "action_flag": 1, "change_message": "[{\"added\": {}}]"}}, {"model": "admin.logentry", "pk": 64, "fields": {"action_time": "2017-06-01T06:54:48.323Z", "user": 1, "content_type": 8, "object_id": "7", "object_repr": "MarketData object", "action_flag": 2, "change_message": "[]"}}, {"model": "admin.logentry", "pk": 65, "fields": {"action_time": "2017-06-01T06:55:08.037Z", "user": 1, "content_type": 8, "object_id": "8", "object_repr": "MarketData object", "action_flag": 1, "change_message": "[{\"added\": {}}]"}}, {"model": "admin.logentry", "pk": 66, "fields": {"action_time": "2017-06-01T06:55:16.183Z", "user": 1, "content_type": 8, "object_id": "9", "object_repr": "MarketData object", "action_flag": 1, "change_message": "[{\"added\": {}}]"}}, {"model": "admin.logentry", "pk": 67, "fields": {"action_time": "2017-06-01T06:55:27.544Z", "user": 1, "content_type": 8, "object_id": "10", "object_repr": "MarketData object", "action_flag": 1, "change_message": "[{\"added\": {}}]"}}, {"model": "admin.logentry", "pk": 68, "fields": {"action_time": "2017-06-01T06:55:36.212Z", "user": 1, "content_type": 8, "object_id": "11", "object_repr": "MarketData object", "action_flag": 1, "change_message": "[{\"added\": {}}]"}}, {"model": "admin.logentry", "pk": 69, "fields": {"action_time": "2017-06-01T06:55:51.574Z", "user": 1, "content_type": 8, "object_id": "12", "object_repr": "MarketData object", "action_flag": 1, "change_message": "[{\"added\": {}}]"}}, {"model": "admin.logentry", "pk": 70, "fields": {"action_time": "2017-06-25T20:41:47.077Z", "user": 1, "content_type": 9, "object_id": "1", "object_repr": "Trade: buy 100 Apple for 12345 Eur", "action_flag": 1, "change_message": "[{\"added\": {}}]"}}, {"model": "admin.logentry", "pk": 71, "fields": {"action_time": "2017-06-25T20:43:17.620Z", "user": 1, "content_type": 9, "object_id": "1", "object_repr": "Trade: buy 100 Apple for 12345 Eur", "action_flag": 2, "change_message": "[{\"changed\": {\"fields\": [\"instrument\", \"underlying\", \"volume\", \"price\"]}}]"}}, {"model": "admin.logentry", "pk": 72, "fields": {"action_time": "2017-06-25T20:44:09.683Z", "user": 1, "content_type": 9, "object_id": "1", "object_repr": "Trade: buy 100 Apple for 12345 Eur", "action_flag": 2, "change_message": "[]"}}, {"model": "admin.logentry", "pk": 73, "fields": {"action_time": "2017-06-25T20:45:27.764Z", "user": 1, "content_type": 9, "object_id": "2", "object_repr": "Trade: buy 100 Apple for 12345 Eur", "action_flag": 1, "change_message": "[{\"added\": {}}]"}}, {"model": "admin.logentry", "pk": 74, "fields": {"action_time": "2017-06-25T20:49:09.796Z", "user": 1, "content_type": 9, "object_id": "2", "object_repr": "Trade: -1035.25 EUR for Alphabet Inc -C- Binck XL tl 610.9417", "action_flag": 2, "change_message": "[{\"changed\": {\"fields\": [\"value\", \"openorclose\"]}}]"}}, {"model": "admin.logentry", "pk": 75, "fields": {"action_time": "2017-06-25T20:52:30.489Z", "user": 1, "content_type": 9, "object_id": "3", "object_repr": "Trade: 901.0 EUR for Alphabet Inc -C- Binck XL tl 743.3124", "action_flag": 1, "change_message": "[{\"added\": {}}]"}}, {"model": "admin.logentry", "pk": 76, "fields": {"action_time": "2017-06-25T20:54:27.961Z", "user": 1, "content_type": 9, "object_id": "4", "object_repr": "Trade: 87.25 EUR for Koop 10 Alphabet Inc -C- Binck tl 906.6574", "action_flag": 1, "change_message": "[{\"added\": {}}]"}}, {"model": "admin.logentry", "pk": 77, "fields": {"action_time": "2017-06-25T20:55:08.635Z", "user": 1, "content_type": 9, "object_id": "5", "object_repr": "Trade: -1013.8 EUR for Alphabet Inc -C- Binck XL tl 743.3124", "action_flag": 1, "change_message": "[{\"added\": {}}]"}}, {"model": "admin.logentry", "pk": 78, "fields": {"action_time": "2017-06-25T20:55:50.500Z", "user": 1, "content_type": 9, "object_id": "6", "object_repr": "Trade: 56.8 EUR for Verkoop 20 British Pound (EUR / Binck XL tl 0.8559", "action_flag": 1, "change_message": "[{\"added\": {}}]"}}, {"model": "admin.logentry", "pk": 79, "fields": {"action_time": "2017-06-25T20:56:45.205Z", "user": 1, "content_type": 9, "object_id": "6", "object_repr": "Trade: -56.8 EUR for Verkoop 20 British Pound (EUR / Binck XL tl 0.8559", "action_flag": 2, "change_message": "[{\"changed\": {\"fields\": [\"value\"]}}]"}}, {"model": "admin.logentry", "pk": 80, "fields": {"action_time": "2017-06-25T20:57:39.511Z", "user": 1, "content_type": 9, "object_id": "6", "object_repr": "Trade: -56.8 EUR for British Pound (EUR / Binck XL tl 0.8559", "action_flag": 2, "change_message": "[{\"changed\": {\"fields\": [\"instrument\"]}}]"}}, {"model": "admin.logentry", "pk": 81, "fields": {"action_time": "2017-06-25T20:57:50.434Z", "user": 1, "content_type": 9, "object_id": "4", "object_repr": "Trade: 87.25 EUR for Alphabet Inc -C- Binck tl 906.6574", "action_flag": 2, "change_message": "[{\"changed\": {\"fields\": [\"instrument\"]}}]"}}, {"model": "admin.logentry", "pk": 82, "fields": {"action_time": "2017-06-25T21:03:15.658Z", "user": 1, "content_type": 9, "object_id": "7", "object_repr": "Trade: [2017-06-12] 44.7 EUR for Apple Inc Binck turboXL long 140.651", "action_flag": 1, "change_message": "[{\"added\": {}}]"}}, {"model": "admin.logentry", "pk": 83, "fields": {"action_time": "2017-06-25T21:03:49.323Z", "user": 1, "content_type": 9, "object_id": "3", "object_repr": "Trade: [2017-02-15] 901.0 EUR for Alphabet Inc -C- Binck XL tl 743.3124", "action_flag": 2, "change_message": "[{\"changed\": {\"fields\": [\"price\"]}}]"}}, {"model": "admin.logentry", "pk": 84, "fields": {"action_time": "2017-06-25T21:04:31.036Z", "user": 1, "content_type": 9, "object_id": "8", "object_repr": "Trade: [2017-06-12] 136.2 EUR for NQ 100 ING Sprinter BEST long 5531.34", "action_flag": 1, "change_message": "[{\"added\": {}}]"}}, {"model": "admin.logentry", "pk": 85, "fields": {"action_time": "2017-06-25T21:05:41.740Z", "user": 1, "content_type": 9, "object_id": "9", "object_repr": "Trade: [2017-03-10] 991.32 EUR for Alphabet Inc -C- Binck XL tl 797.9085", "action_flag": 1, "change_message": "[{\"added\": {}}]"}}, {"model": "admin.logentry", "pk": 86, "fields": {"action_time": "2017-06-25T21:05:48.077Z", "user": 1, "content_type": 9, "object_id": "10", "object_repr": "Trade: [2017-06-12] 290.0 EUR for Alphabet Inc -C- Binck XL tl 930.3047", "action_flag": 1, "change_message": "[{\"added\": {}}]"}}, {"model": "admin.logentry", "pk": 87, "fields": {"action_time": "2017-06-25T21:06:37.517Z", "user": 1, "content_type": 9, "object_id": "11", "object_repr": "Trade: [2017-03-27] 78.6 EUR for Alphabet Inc -C- Binck XL tl 797.9085", "action_flag": 1, "change_message": "[{\"added\": {}}]"}}, {"model": "admin.logentry", "pk": 88, "fields": {"action_time": "2017-06-25T21:06:47.476Z", "user": 1, "content_type": 9, "object_id": "12", "object_repr": "Trade: [2017-06-09] 61.78 EUR for British Pound (EUR / Binck XL tl 0.8559", "action_flag": 1, "change_message": "[{\"added\": {}}]"}}, {"model": "admin.logentry", "pk": 89, "fields": {"action_time": "2017-06-25T21:07:44.778Z", "user": 1, "content_type": 9, "object_id": "13", "object_repr": "Trade: [2017-04-03] 110.22 EUR for Apple Inc Binck turboXL long 138.9873", "action_flag": 1, "change_message": "[{\"added\": {}}]"}}, {"model": "admin.logentry", "pk": 90, "fields": {"action_time": "2017-06-25T21:09:15.871Z", "user": 1, "content_type": 9, "object_id": "14", "object_repr": "Trade: [2017-04-12] 351.3 EUR for AEX-Index Binck turboXL long 495.8423", "action_flag": 1, "change_message": "[{\"added\": {}}]"}}, {"model": "admin.logentry", "pk": 91, "fields": {"action_time": "2017-06-25T21:09:33.342Z", "user": 1, "content_type": 9, "object_id": "15", "object_repr": "Trade: [2017-06-08] -59.0 EUR for ASML Binck turboXL long 114.7054", "action_flag": 1, "change_message": "[{\"added\": {}}]"}}, {"model": "admin.logentry", "pk": 92, "fields": {"action_time": "2017-06-25T21:09:40.610Z", "user": 1, "content_type": 9, "object_id": "15", "object_repr": "Trade: [2017-06-08] -59.0 EUR for ASML Binck turboXL long 114.7054", "action_flag": 2, "change_message": "[]"}}, {"model": "admin.logentry", "pk": 93, "fields": {"action_time": "2017-06-25T21:10:04.879Z", "user": 1, "content_type": 9, "object_id": "16", "object_repr": "Trade: [2017-04-19] 162.0 EUR for AEX BNP Booster long 495.4", "action_flag": 1, "change_message": "[{\"added\": {}}]"}}, {"model": "admin.logentry", "pk": 94, "fields": {"action_time": "2017-06-25T21:10:43.606Z", "user": 1, "content_type": 9, "object_id": "17", "object_repr": "Trade: [2017-04-24] 257.0 EUR for AEX BNP Booster long 495.4", "action_flag": 1, "change_message": "[{\"added\": {}}]"}}, {"model": "admin.logentry", "pk": 95, "fields": {"action_time": "2017-06-25T21:10:46.650Z", "user": 1, "content_type": 9, "object_id": "18", "object_repr": "Trade: [2017-06-08] 309.6 EUR for Alphabet Inc -C- Binck XL tl 960.2097", "action_flag": 1, "change_message": "[{\"added\": {}}]"}}, {"model": "admin.logentry", "pk": 96, "fields": {"action_time": "2017-06-25T21:11:04.912Z", "user": 1, "content_type": 9, "object_id": "17", "object_repr": "Trade: [2017-04-24] -257.0 EUR for AEX BNP Booster long 495.4", "action_flag": 2, "change_message": "[{\"changed\": {\"fields\": [\"value\", \"openorclose\"]}}]"}}, {"model": "admin.logentry", "pk": 97, "fields": {"action_time": "2017-06-25T21:11:45.980Z", "user": 1, "content_type": 9, "object_id": "19", "object_repr": "Trade: [2017-04-24] -1394.0 EUR for Alphabet Inc -C- Binck XL tl 797.9085", "action_flag": 1, "change_message": "[{\"added\": {}}]"}}, {"model": "admin.logentry", "pk": 98, "fields": {"action_time": "2017-06-25T21:11:58.928Z", "user": 1, "content_type": 9, "object_id": "20", "object_repr": "Trade: [2017-06-08] -252.15 EUR for General Electric Co Binck XL tl 25.9556", "action_flag": 1, "change_message": "[{\"added\": {}}]"}}, {"model": "admin.logentry", "pk": 99, "fields": {"action_time": "2017-06-25T21:12:49.760Z", "user": 1, "content_type": 9, "object_id": "21", "object_repr": "Trade: [2017-04-25] 266.4 EUR for ASML Binck turboXL long 114.7054", "action_flag": 1, "change_message": "[{\"added\": {}}]"}}, {"model": "admin.logentry", "pk": 100, "fields": {"action_time": "2017-06-25T21:13:08.811Z", "user": 1, "content_type": 9, "object_id": "22", "object_repr": "Trade: [2017-06-08] -51.0 EUR for ASML Binck turboXL long 114.7054", "action_flag": 1, "change_message": "[{\"added\": {}}]"}}, {"model": "admin.logentry", "pk": 101, "fields": {"action_time": "2017-06-25T21:13:50.341Z", "user": 1, "content_type": 9, "object_id": "23", "object_repr": "Trade: [2017-05-03] 212.2 EUR for McDonalds Corp Binck XL tl 133.0397", "action_flag": 1, "change_message": "[{\"added\": {}}]"}}, {"model": "admin.logentry", "pk": 102, "fields": {"action_time": "2017-06-25T21:14:01.818Z", "user": 1, "content_type": 9, "object_id": "24", "object_repr": "Trade: [2017-06-06] 616.2 EUR for NQ 100 ING Sprinter BEST long 5531.34", "action_flag": 1, "change_message": "[{\"added\": {}}]"}}, {"model": "admin.logentry", "pk": 103, "fields": {"action_time": "2017-06-25T21:14:38.010Z", "user": 1, "content_type": 9, "object_id": "25", "object_repr": "Trade: [2017-05-03] 182.4 EUR for Walt Disney Co Binck XL tl 108.1058", "action_flag": 1, "change_message": "[{\"added\": {}}]"}}, {"model": "admin.logentry", "pk": 104, "fields": {"action_time": "2017-06-25T21:15:05.080Z", "user": 1, "content_type": 9, "object_id": "26", "object_repr": "Trade: [2017-06-06] -580.2 EUR for Alphabet Inc -C- Binck XL tl 951.0378", "action_flag": 1, "change_message": "[{\"added\": {}}]"}}, {"model": "admin.logentry", "pk": 105, "fields": {"action_time": "2017-06-25T21:15:30.965Z", "user": 1, "content_type": 9, "object_id": "27", "object_repr": "Trade: [2017-05-05] 540.0 EUR for AEX-Index Binck turboXL long 495.8423", "action_flag": 1, "change_message": "[{\"added\": {}}]"}}, {"model": "admin.logentry", "pk": 106, "fields": {"action_time": "2017-06-25T21:16:06.402Z", "user": 1, "content_type": 9, "object_id": "28", "object_repr": "Trade: [2017-06-12] 0.0 EUR for Alphabet Inc -C- Binck XL tl 930.3047", "action_flag": 1, "change_message": "[{\"added\": {}}]"}}, {"model": "admin.logentry", "pk": 107, "fields": {"action_time": "2017-06-25T21:16:47.573Z", "user": 1, "content_type": 9, "object_id": "29", "object_repr": "Trade: [2017-06-12] 0.0 EUR for ASML Binck turboXL long 114.7054", "action_flag": 1, "change_message": "[{\"added\": {}}]"}}, {"model": "admin.logentry", "pk": 108, "fields": {"action_time": "2017-06-25T21:18:05.245Z", "user": 1, "content_type": 9, "object_id": "30", "object_repr": "Trade: [2017-06-09] 0.0 EUR for Alphabet Inc -C- Binck XL tl 960.2097", "action_flag": 1, "change_message": "[{\"added\": {}}]"}}, {"model": "admin.logentry", "pk": 109, "fields": {"action_time": "2017-06-25T21:23:10.591Z", "user": 1, "content_type": 9, "object_id": "31", "object_repr": "Trade: [2017-05-31] 49.2 EUR for ASML Binck turboXL long 114.7054", "action_flag": 1, "change_message": "[{\"added\": {}}]"}}, {"model": "admin.logentry", "pk": 110, "fields": {"action_time": "2017-06-25T21:23:59.849Z", "user": 1, "content_type": 9, "object_id": "32", "object_repr": "Trade: [2017-05-30] 425.55 EUR for Alphabet Inc -C- Binck XL tl 951.0378", "action_flag": 1, "change_message": "[{\"added\": {}}]"}}, {"model": "admin.logentry", "pk": 111, "fields": {"action_time": "2017-06-25T21:24:54.716Z", "user": 1, "content_type": 9, "object_id": "33", "object_repr": "Trade: [2017-05-30] -210.0 EUR for Intesa SanPaolo S.p.A. CB Btl 1.8529", "action_flag": 1, "change_message": "[{\"added\": {}}]"}}, {"model": "admin.logentry", "pk": 112, "fields": {"action_time": "2017-06-25T21:28:14.710Z", "user": 1, "content_type": 9, "object_id": "34", "object_repr": "Trade: [2017-05-26] 522.0 EUR for AEX-Index Binck turboXL long 511.4297", "action_flag": 1, "change_message": "[{\"added\": {}}]"}}, {"model": "admin.logentry", "pk": 113, "fields": {"action_time": "2017-06-25T21:28:53.297Z", "user": 1, "content_type": 9, "object_id": "35", "object_repr": "Trade: [2017-05-25] 670.05 EUR for AEGON NV", "action_flag": 1, "change_message": "[{\"added\": {}}]"}}, {"model": "admin.logentry", "pk": 114, "fields": {"action_time": "2017-06-25T21:30:09.628Z", "user": 1, "content_type": 9, "object_id": "36", "object_repr": "Trade: [2017-05-24] 304.8 EUR for General Electric Co Binck XL tl 25.9556", "action_flag": 1, "change_message": "[{\"added\": {}}]"}}, {"model": "admin.logentry", "pk": 115, "fields": {"action_time": "2017-06-25T21:30:32.259Z", "user": 1, "content_type": 9, "object_id": "20", "object_repr": "Trade: [2017-06-08] -252.15 EUR for General Electric Co Binck XL tl 25.9556", "action_flag": 2, "change_message": "[{\"changed\": {\"fields\": [\"volume\"]}}]"}}, {"model": "admin.logentry", "pk": 116, "fields": {"action_time": "2017-06-25T21:32:10.536Z", "user": 1, "content_type": 9, "object_id": "37", "object_repr": "Trade: [2017-05-24] -294.0 EUR for McDonalds Corp Binck XL tl 133.0397", "action_flag": 1, "change_message": "[{\"added\": {}}]"}}, {"model": "admin.logentry", "pk": 117, "fields": {"action_time": "2017-06-25T21:32:33.284Z", "user": 1, "content_type": 9, "object_id": "27", "object_repr": "Trade: [2017-05-05] -540.0 EUR for AEX-Index Binck turboXL long 495.8423", "action_flag": 2, "change_message": "[{\"changed\": {\"fields\": [\"value\"]}}]"}}, {"model": "admin.logentry", "pk": 118, "fields": {"action_time": "2017-06-25T21:33:45.200Z", "user": 1, "content_type": 9, "object_id": "38", "object_repr": "Trade: [2017-05-24] 388.2 EUR for Apple Inc Binck turboXL long 140.651", "action_flag": 1, "change_message": "[{\"added\": {}}]"}}, {"model": "admin.logentry", "pk": 119, "fields": {"action_time": "2017-06-25T21:34:30.775Z", "user": 1, "content_type": 9, "object_id": "39", "object_repr": "Trade: [2017-05-24] 67.3 EUR for ASML Binck turboXL long 114.7054", "action_flag": 1, "change_message": "[{\"added\": {}}]"}}, {"model": "admin.logentry", "pk": 120, "fields": {"action_time": "2017-06-25T21:35:42.161Z", "user": 1, "content_type": 9, "object_id": "40", "object_repr": "Trade: [2017-05-24] -514.4 EUR for Alphabet Inc -C- Binck XL tl 904.8758", "action_flag": 1, "change_message": "[{\"added\": {}}]"}}, {"model": "admin.logentry", "pk": 121, "fields": {"action_time": "2017-06-25T21:36:28.328Z", "user": 1, "content_type": 9, "object_id": "41", "object_repr": "Trade: [2017-05-18] 0.0 EUR for 300 AEX-Index Binck turboXL long 523.3603", "action_flag": 1, "change_message": "[{\"added\": {}}]"}}, {"model": "admin.logentry", "pk": 122, "fields": {"action_time": "2017-06-25T21:37:21.874Z", "user": 1, "content_type": 9, "object_id": "42", "object_repr": "Trade: [2017-05-16] 0.0 EUR for Walt Disney Co Binck XL tl 108.1058", "action_flag": 1, "change_message": "[{\"added\": {}}]"}}, {"model": "admin.logentry", "pk": 123, "fields": {"action_time": "2017-06-25T21:38:07.834Z", "user": 1, "content_type": 9, "object_id": "13", "object_repr": "Trade: [2017-04-03] 110.22 EUR for Apple Inc Binck turboXL long 138.9873", "action_flag": 2, "change_message": "[{\"changed\": {\"fields\": [\"underlying\"]}}]"}}, {"model": "admin.logentry", "pk": 124, "fields": {"action_time": "2017-06-25T21:38:31.928Z", "user": 1, "content_type": 9, "object_id": "14", "object_repr": "Trade: [2017-04-12] 351.3 EUR for AEX-Index Binck turboXL long 495.8423", "action_flag": 2, "change_message": "[{\"changed\": {\"fields\": [\"underlying\"]}}]"}}, {"model": "admin.logentry", "pk": 125, "fields": {"action_time": "2017-06-25T21:38:48.911Z", "user": 1, "content_type": 9, "object_id": "16", "object_repr": "Trade: [2017-04-19] 162.0 EUR for AEX BNP Booster long 495.4", "action_flag": 2, "change_message": "[{\"changed\": {\"fields\": [\"underlying\"]}}]"}}, {"model": "admin.logentry", "pk": 126, "fields": {"action_time": "2017-06-25T21:39:06.888Z", "user": 1, "content_type": 9, "object_id": "17", "object_repr": "Trade: [2017-04-24] -257.0 EUR for AEX BNP Booster long 495.4", "action_flag": 2, "change_message": "[{\"changed\": {\"fields\": [\"underlying\"]}}]"}}, {"model": "admin.logentry", "pk": 127, "fields": {"action_time": "2017-06-25T21:39:12.879Z", "user": 1, "content_type": 9, "object_id": "27", "object_repr": "Trade: [2017-05-05] -540.0 EUR for AEX-Index Binck turboXL long 495.8423", "action_flag": 2, "change_message": "[{\"changed\": {\"fields\": [\"underlying\"]}}]"}}, {"model": "admin.logentry", "pk": 128, "fields": {"action_time": "2017-06-25T21:39:28.199Z", "user": 1, "content_type": 9, "object_id": "43", "object_repr": "Trade: [2017-05-12] 40.4 EUR for Walt Disney Co Binck XL tl 108.1058", "action_flag": 1, "change_message": "[{\"added\": {}}]"}}, {"model": "admin.logentry", "pk": 129, "fields": {"action_time": "2017-06-25T21:40:43.308Z", "user": 1, "content_type": 9, "object_id": "44", "object_repr": "Trade: [2017-05-10] 370.8 EUR for AEX-Index Binck turboXL long 523.3603", "action_flag": 1, "change_message": "[{\"added\": {}}]"}}, {"model": "admin.logentry", "pk": 130, "fields": {"action_time": "2017-06-25T21:42:00.081Z", "user": 1, "content_type": 9, "object_id": "45", "object_repr": "Trade: [2017-05-09] 270.0 EUR for Intesa SanPaolo S.p.A. CB Btl 1.8529", "action_flag": 1, "change_message": "[{\"added\": {}}]"}}, {"model": "admin.logentry", "pk": 131, "fields": {"action_time": "2017-06-25T21:42:50.593Z", "user": 1, "content_type": 9, "object_id": "21", "object_repr": "Trade: [2017-04-25] 266.4 EUR for ASML Binck turboXL long 114.7054", "action_flag": 2, "change_message": "[{\"changed\": {\"fields\": [\"underlying\"]}}]"}}, {"model": "admin.logentry", "pk": 132, "fields": {"action_time": "2017-06-25T21:42:56.261Z", "user": 1, "content_type": 9, "object_id": "39", "object_repr": "Trade: [2017-05-24] 67.3 EUR for ASML Binck turboXL long 114.7054", "action_flag": 2, "change_message": "[{\"changed\": {\"fields\": [\"underlying\"]}}]"}}, {"model": "admin.logentry", "pk": 133, "fields": {"action_time": "2017-06-25T21:43:00.927Z", "user": 1, "content_type": 9, "object_id": "31", "object_repr": "Trade: [2017-05-31] 49.2 EUR for ASML Binck turboXL long 114.7054", "action_flag": 2, "change_message": "[{\"changed\": {\"fields\": [\"underlying\"]}}]"}}, {"model": "admin.logentry", "pk": 134, "fields": {"action_time": "2017-06-25T21:43:05.395Z", "user": 1, "content_type": 9, "object_id": "22", "object_repr": "Trade: [2017-06-08] -51.0 EUR for ASML Binck turboXL long 114.7054", "action_flag": 2, "change_message": "[{\"changed\": {\"fields\": [\"underlying\"]}}]"}}, {"model": "admin.logentry", "pk": 135, "fields": {"action_time": "2017-06-25T21:43:05.890Z", "user": 1, "content_type": 9, "object_id": "46", "object_repr": "Trade: [2017-05-08] -192.54 EUR for Apple Inc Binck turboXL long 138.9873", "action_flag": 1, "change_message": "[{\"added\": {}}]"}}, {"model": "admin.logentry", "pk": 136, "fields": {"action_time": "2017-06-25T21:43:09.554Z", "user": 1, "content_type": 9, "object_id": "15", "object_repr": "Trade: [2017-06-08] -59.0 EUR for ASML Binck turboXL long 114.7054", "action_flag": 2, "change_message": "[{\"changed\": {\"fields\": [\"underlying\"]}}]"}}, {"model": "admin.logentry", "pk": 137, "fields": {"action_time": "2017-06-25T21:43:14.423Z", "user": 1, "content_type": 9, "object_id": "29", "object_repr": "Trade: [2017-06-12] 0.0 EUR for ASML Binck turboXL long 114.7054", "action_flag": 2, "change_message": "[{\"changed\": {\"fields\": [\"underlying\"]}}]"}}, {"model": "admin.logentry", "pk": 138, "fields": {"action_time": "2017-06-25T21:44:13.530Z", "user": 1, "content_type": 9, "object_id": "47", "object_repr": "Trade: [2017-05-08] 187.4 EUR for Royal Dutch Shell -A Binck XL tl 22.7932", "action_flag": 1, "change_message": "[{\"added\": {}}]"}}, {"model": "admin.logentry", "pk": 139, "fields": {"action_time": "2017-06-25T21:45:22.367Z", "user": 1, "content_type": 9, "object_id": "12", "object_repr": "Trade: [2017-06-09] 61.78 EUR for British Pound (EUR / Binck XL tl 0.8559", "action_flag": 2, "change_message": "[{\"changed\": {\"fields\": [\"underlying\"]}}]"}}, {"model": "admin.logentry", "pk": 140, "fields": {"action_time": "2017-06-25T21:46:06.564Z", "user": 1, "content_type": 9, "object_id": "6", "object_repr": "Trade: [2017-06-13] -56.8 EUR for British Pound (EUR / Binck XL tl 0.8559", "action_flag": 2, "change_message": "[{\"changed\": {\"fields\": [\"underlying\"]}}]"}}, {"model": "admin.logentry", "pk": 141, "fields": {"action_time": "2017-06-25T21:46:08.822Z", "user": 1, "content_type": 9, "object_id": "48", "object_repr": "Trade: [2017-05-05] 314.0 EUR for Alphabet Inc -C- Binck XL tl 904.8758", "action_flag": 1, "change_message": "[{\"added\": {}}]"}}, {"model": "admin.logentry", "pk": 142, "fields": {"action_time": "2017-06-25T21:48:34.674Z", "user": 1, "content_type": 9, "object_id": "23", "object_repr": "Trade: [2017-05-03] 212.2 EUR for McDonalds Corp Binck XL tl 133.0397", "action_flag": 2, "change_message": "[{\"changed\": {\"fields\": [\"underlying\"]}}]"}}, {"model": "admin.logentry", "pk": 143, "fields": {"action_time": "2017-06-25T21:48:40.517Z", "user": 1, "content_type": 9, "object_id": "37", "object_repr": "Trade: [2017-05-24] -294.0 EUR for McDonalds Corp Binck XL tl 133.0397", "action_flag": 2, "change_message": "[{\"changed\": {\"fields\": [\"underlying\"]}}]"}}, {"model": "admin.logentry", "pk": 144, "fields": {"action_time": "2017-06-25T21:49:19.297Z", "user": 1, "content_type": 9, "object_id": "32", "object_repr": "Trade: [2017-05-30] 425.55 EUR for Alphabet Inc -C- Binck XL tl 951.0378", "action_flag": 2, "change_message": "[{\"changed\": {\"fields\": [\"underlying\"]}}]"}}, {"model": "admin.logentry", "pk": 145, "fields": {"action_time": "2017-06-25T21:49:26.493Z", "user": 1, "content_type": 9, "object_id": "26", "object_repr": "Trade: [2017-06-06] -580.2 EUR for Alphabet Inc -C- Binck XL tl 951.0378", "action_flag": 2, "change_message": "[{\"changed\": {\"fields\": [\"underlying\"]}}]"}}, {"model": "admin.logentry", "pk": 146, "fields": {"action_time": "2017-06-25T21:49:49.120Z", "user": 1, "content_type": 9, "object_id": "34", "object_repr": "Trade: [2017-05-26] 522.0 EUR for AEX-Index Binck turboXL long 511.4297", "action_flag": 2, "change_message": "[{\"changed\": {\"fields\": [\"underlying\"]}}]"}}, {"model": "admin.logentry", "pk": 147, "fields": {"action_time": "2017-06-25T21:50:03.480Z", "user": 1, "content_type": 9, "object_id": "44", "object_repr": "Trade: [2017-05-10] 370.8 EUR for AEX-Index Binck turboXL long 523.3603", "action_flag": 2, "change_message": "[{\"changed\": {\"fields\": [\"underlying\"]}}]"}}, {"model": "admin.logentry", "pk": 148, "fields": {"action_time": "2017-06-25T21:50:14.664Z", "user": 1, "content_type": 9, "object_id": "7", "object_repr": "Trade: [2017-06-12] 44.7 EUR for Apple Inc Binck turboXL long 140.651", "action_flag": 2, "change_message": "[{\"changed\": {\"fields\": [\"underlying\"]}}]"}}, {"model": "admin.logentry", "pk": 149, "fields": {"action_time": "2017-06-25T21:50:26.737Z", "user": 1, "content_type": 9, "object_id": "46", "object_repr": "Trade: [2017-05-08] -192.54 EUR for Apple Inc Binck turboXL long 138.9873", "action_flag": 2, "change_message": "[{\"changed\": {\"fields\": [\"underlying\"]}}]"}}, {"model": "admin.logentry", "pk": 150, "fields": {"action_time": "2017-06-25T21:50:51.963Z", "user": 1, "content_type": 9, "object_id": "25", "object_repr": "Trade: [2017-05-03] 182.4 EUR for Walt Disney Co Binck XL tl 108.1058", "action_flag": 2, "change_message": "[{\"changed\": {\"fields\": [\"underlying\"]}}]"}}, {"model": "admin.logentry", "pk": 151, "fields": {"action_time": "2017-06-25T21:51:11.194Z", "user": 1, "content_type": 9, "object_id": "43", "object_repr": "Trade: [2017-05-12] 40.4 EUR for Walt Disney Co Binck XL tl 108.1058", "action_flag": 2, "change_message": "[{\"changed\": {\"fields\": [\"underlying\"]}}]"}}, {"model": "admin.logentry", "pk": 152, "fields": {"action_time": "2017-06-25T21:51:17.017Z", "user": 1, "content_type": 9, "object_id": "42", "object_repr": "Trade: [2017-05-16] 0.0 EUR for Walt Disney Co Binck XL tl 108.1058", "action_flag": 2, "change_message": "[{\"changed\": {\"fields\": [\"underlying\"]}}]"}}, {"model": "admin.logentry", "pk": 153, "fields": {"action_time": "2017-06-25T21:52:19.498Z", "user": 1, "content_type": 9, "object_id": "47", "object_repr": "Trade: [2017-05-08] 187.4 EUR for Royal Dutch Shell -A Binck XL tl 22.7932", "action_flag": 2, "change_message": "[{\"changed\": {\"fields\": [\"underlying\"]}}]"}}, {"model": "admin.logentry", "pk": 154, "fields": {"action_time": "2017-06-25T21:52:22.453Z", "user": 1, "content_type": 9, "object_id": "6", "object_repr": "Trade: [2017-06-13] -56.8 EUR for British Pound (EUR / Binck XL tl 0.8559", "action_flag": 2, "change_message": "[{\"changed\": {\"fields\": [\"volume\"]}}]"}}, {"model": "admin.logentry", "pk": 155, "fields": {"action_time": "2017-06-25T21:52:24.444Z", "user": 1, "content_type": 9, "object_id": "47", "object_repr": "Trade: [2017-05-08] 187.4 EUR for Royal Dutch Shell -A Binck XL tl 22.7932", "action_flag": 2, "change_message": "[]"}}, {"model": "admin.logentry", "pk": 156, "fields": {"action_time": "2017-06-25T21:52:51.468Z", "user": 1, "content_type": 9, "object_id": "28", "object_repr": "Trade: [2017-06-12] 0.0 EUR for Alphabet Inc -C- Binck XL tl 930.3047", "action_flag": 2, "change_message": "[{\"changed\": {\"fields\": [\"volume\"]}}]"}}, {"model": "admin.logentry", "pk": 157, "fields": {"action_time": "2017-06-25T21:53:06.522Z", "user": 1, "content_type": 9, "object_id": "29", "object_repr": "Trade: [2017-06-12] 0.0 EUR for ASML Binck turboXL long 114.7054", "action_flag": 2, "change_message": "[{\"changed\": {\"fields\": [\"volume\"]}}]"}}, {"model": "admin.logentry", "pk": 158, "fields": {"action_time": "2017-06-25T21:53:17.356Z", "user": 1, "content_type": 9, "object_id": "45", "object_repr": "Trade: [2017-05-09] 270.0 EUR for Intesa SanPaolo S.p.A. CB Btl 1.8529", "action_flag": 2, "change_message": "[{\"changed\": {\"fields\": [\"underlying\"]}}]"}}, {"model": "admin.logentry", "pk": 159, "fields": {"action_time": "2017-06-25T21:53:18.798Z", "user": 1, "content_type": 9, "object_id": "30", "object_repr": "Trade: [2017-06-09] 0.0 EUR for Alphabet Inc -C- Binck XL tl 960.2097", "action_flag": 2, "change_message": "[{\"changed\": {\"fields\": [\"volume\"]}}]"}}, {"model": "admin.logentry", "pk": 160, "fields": {"action_time": "2017-06-25T21:53:22.042Z", "user": 1, "content_type": 9, "object_id": "33", "object_repr": "Trade: [2017-05-30] -210.0 EUR for Intesa SanPaolo S.p.A. CB Btl 1.8529", "action_flag": 2, "change_message": "[{\"changed\": {\"fields\": [\"underlying\"]}}]"}}, {"model": "admin.logentry", "pk": 161, "fields": {"action_time": "2017-06-25T21:53:32.683Z", "user": 1, "content_type": 9, "object_id": "15", "object_repr": "Trade: [2017-06-08] -59.0 EUR for ASML Binck turboXL long 114.7054", "action_flag": 2, "change_message": "[{\"changed\": {\"fields\": [\"volume\"]}}]"}}, {"model": "admin.logentry", "pk": 162, "fields": {"action_time": "2017-06-25T21:53:44.264Z", "user": 1, "content_type": 9, "object_id": "20", "object_repr": "Trade: [2017-06-08] -252.15 EUR for General Electric Co Binck XL tl 25.9556", "action_flag": 2, "change_message": "[]"}}, {"model": "admin.logentry", "pk": 163, "fields": {"action_time": "2017-06-25T21:53:58.527Z", "user": 1, "content_type": 9, "object_id": "38", "object_repr": "Trade: [2017-05-24] 388.2 EUR for Apple Inc Binck turboXL long 140.651", "action_flag": 2, "change_message": "[{\"changed\": {\"fields\": [\"underlying\"]}}]"}}, {"model": "admin.logentry", "pk": 164, "fields": {"action_time": "2017-06-25T21:54:02.931Z", "user": 1, "content_type": 9, "object_id": "22", "object_repr": "Trade: [2017-06-08] -51.0 EUR for ASML Binck turboXL long 114.7054", "action_flag": 2, "change_message": "[{\"changed\": {\"fields\": [\"volume\"]}}]"}}, {"model": "admin.logentry", "pk": 165, "fields": {"action_time": "2017-06-25T21:54:08.613Z", "user": 1, "content_type": 9, "object_id": "40", "object_repr": "Trade: [2017-05-24] -514.4 EUR for Alphabet Inc -C- Binck XL tl 904.8758", "action_flag": 2, "change_message": "[{\"changed\": {\"fields\": [\"underlying\"]}}]"}}, {"model": "admin.logentry", "pk": 166, "fields": {"action_time": "2017-06-25T21:54:18.017Z", "user": 1, "content_type": 9, "object_id": "28", "object_repr": "Trade: [2017-06-12] 0.0 EUR for Alphabet Inc -C- Binck XL tl 930.3047", "action_flag": 2, "change_message": "[{\"changed\": {\"fields\": [\"underlying\"]}}]"}}, {"model": "admin.logentry", "pk": 167, "fields": {"action_time": "2017-06-25T21:54:19.683Z", "user": 1, "content_type": 9, "object_id": "26", "object_repr": "Trade: [2017-06-06] -580.2 EUR for Alphabet Inc -C- Binck XL tl 951.0378", "action_flag": 2, "change_message": "[{\"changed\": {\"fields\": [\"volume\"]}}]"}}, {"model": "admin.logentry", "pk": 168, "fields": {"action_time": "2017-06-25T21:54:34.639Z", "user": 1, "content_type": 9, "object_id": "41", "object_repr": "Trade: [2017-05-18] 0.0 EUR for 300 AEX-Index Binck turboXL long 523.3603", "action_flag": 2, "change_message": "[{\"changed\": {\"fields\": [\"underlying\"]}}]"}}, {"model": "admin.logentry", "pk": 169, "fields": {"action_time": "2017-06-25T21:54:50.219Z", "user": 1, "content_type": 9, "object_id": "30", "object_repr": "Trade: [2017-06-09] 0.0 EUR for Alphabet Inc -C- Binck XL tl 960.2097", "action_flag": 2, "change_message": "[{\"changed\": {\"fields\": [\"underlying\"]}}]"}}, {"model": "admin.logentry", "pk": 170, "fields": {"action_time": "2017-06-25T21:54:55.579Z", "user": 1, "content_type": 9, "object_id": "37", "object_repr": "Trade: [2017-05-24] -294.0 EUR for McDonalds Corp Binck XL tl 133.0397", "action_flag": 2, "change_message": "[{\"changed\": {\"fields\": [\"volume\"]}}]"}}, {"model": "admin.logentry", "pk": 171, "fields": {"action_time": "2017-06-25T21:55:15.971Z", "user": 1, "content_type": 9, "object_id": "36", "object_repr": "Trade: [2017-05-24] 304.8 EUR for General Electric Co Binck XL tl 25.9556", "action_flag": 2, "change_message": "[{\"changed\": {\"fields\": [\"underlying\"]}}]"}}, {"model": "admin.logentry", "pk": 172, "fields": {"action_time": "2017-06-25T21:55:30.309Z", "user": 1, "content_type": 9, "object_id": "20", "object_repr": "Trade: [2017-06-08] -252.15 EUR for General Electric Co Binck XL tl 25.9556", "action_flag": 2, "change_message": "[{\"changed\": {\"fields\": [\"underlying\"]}}]"}}, {"model": "admin.logentry", "pk": 173, "fields": {"action_time": "2017-06-25T21:56:26.030Z", "user": 1, "content_type": 9, "object_id": "35", "object_repr": "Trade: [2017-05-25] 670.05 EUR for AEGON NV", "action_flag": 2, "change_message": "[{\"changed\": {\"fields\": [\"underlying\"]}}]"}}, {"model": "admin.logentry", "pk": 174, "fields": {"action_time": "2017-06-25T21:57:38.983Z", "user": 1, "content_type": 9, "object_id": "24", "object_repr": "Trade: [2017-06-06] 616.2 EUR for NQ 100 ING Sprinter BEST long 5531.34", "action_flag": 2, "change_message": "[{\"changed\": {\"fields\": [\"underlying\"]}}]"}}, {"model": "admin.logentry", "pk": 175, "fields": {"action_time": "2017-06-25T21:57:42.954Z", "user": 1, "content_type": 9, "object_id": "8", "object_repr": "Trade: [2017-06-12] 136.2 EUR for NQ 100 ING Sprinter BEST long 5531.34", "action_flag": 2, "change_message": "[{\"changed\": {\"fields\": [\"underlying\"]}}]"}}, {"model": "admin.logentry", "pk": 176, "fields": {"action_time": "2017-06-25T22:14:11.950Z", "user": 1, "content_type": 9, "object_id": "2", "object_repr": "Trade: [2017-02-13] -1035.25 EUR for Alphabet Inc -C- Binck XL tl 610.9417", "action_flag": 2, "change_message": "[{\"changed\": {\"fields\": [\"volume\"]}}]"}}, {"model": "admin.logentry", "pk": 177, "fields": {"action_time": "2017-06-25T22:14:20.988Z", "user": 1, "content_type": 9, "object_id": "5", "object_repr": "Trade: [2017-03-08] -1013.8 EUR for Alphabet Inc -C- Binck XL tl 743.3124", "action_flag": 2, "change_message": "[{\"changed\": {\"fields\": [\"volume\"]}}]"}}, {"model": "admin.logentry", "pk": 178, "fields": {"action_time": "2017-06-25T22:14:36.068Z", "user": 1, "content_type": 9, "object_id": "19", "object_repr": "Trade: [2017-04-24] -1394.0 EUR for Alphabet Inc -C- Binck XL tl 797.9085", "action_flag": 2, "change_message": "[{\"changed\": {\"fields\": [\"volume\"]}}]"}}, {"model": "admin.logentry", "pk": 179, "fields": {"action_time": "2017-06-25T22:16:25.250Z", "user": 1, "content_type": 9, "object_id": "19", "object_repr": "Trade: [2017-04-24] -1394.0 EUR for Alphabet Inc -C- Binck XL tl 797.9085", "action_flag": 2, "change_message": "[]"}}, {"model": "admin.logentry", "pk": 180, "fields": {"action_time": "2017-06-25T22:16:36.438Z", "user": 1, "content_type": 9, "object_id": "17", "object_repr": "Trade: [2017-04-24] -257.0 EUR for AEX BNP Booster long 495.4", "action_flag": 2, "change_message": "[{\"changed\": {\"fields\": [\"volume\"]}}]"}}, {"model": "admin.logentry", "pk": 181, "fields": {"action_time": "2017-06-25T22:16:48.942Z", "user": 1, "content_type": 9, "object_id": "27", "object_repr": "Trade: [2017-05-05] -540.0 EUR for AEX-Index Binck turboXL long 495.8423", "action_flag": 2, "change_message": "[{\"changed\": {\"fields\": [\"volume\"]}}]"}}, {"model": "admin.logentry", "pk": 182, "fields": {"action_time": "2017-06-25T22:16:58.498Z", "user": 1, "content_type": 9, "object_id": "46", "object_repr": "Trade: [2017-05-08] -192.54 EUR for Apple Inc Binck turboXL long 138.9873", "action_flag": 2, "change_message": "[]"}}, {"model": "admin.logentry", "pk": 183, "fields": {"action_time": "2017-06-25T22:18:43.185Z", "user": 1, "content_type": 9, "object_id": "18", "object_repr": "Trade: [2017-06-08] 309.6 EUR for Alphabet Inc -C- Binck XL tl 960.2097", "action_flag": 2, "change_message": "[{\"changed\": {\"fields\": [\"underlying\"]}}]"}}, {"model": "admin.logentry", "pk": 184, "fields": {"action_time": "2017-06-25T22:18:50.474Z", "user": 1, "content_type": 9, "object_id": "10", "object_repr": "Trade: [2017-06-12] 290.0 EUR for Alphabet Inc -C- Binck XL tl 930.3047", "action_flag": 2, "change_message": "[{\"changed\": {\"fields\": [\"underlying\"]}}]"}}, {"model": "admin.logentry", "pk": 185, "fields": {"action_time": "2017-06-25T22:19:15.066Z", "user": 1, "content_type": 9, "object_id": "28", "object_repr": "Trade: [2017-06-12] 0.0 EUR for Alphabet Inc -C- Binck XL tl 930.3047", "action_flag": 2, "change_message": "[]"}}, {"model": "admin.logentry", "pk": 186, "fields": {"action_time": "2017-06-25T22:19:40.762Z", "user": 1, "content_type": 9, "object_id": "30", "object_repr": "Trade: [2017-06-09] 0.0 EUR for Alphabet Inc -C- Binck XL tl 960.2097", "action_flag": 2, "change_message": "[]"}}, {"model": "admin.logentry", "pk": 187, "fields": {"action_time": "2017-06-25T22:20:14.541Z", "user": 1, "content_type": 9, "object_id": "40", "object_repr": "Trade: [2017-05-24] -514.4 EUR for Alphabet Inc -C- Binck XL tl 904.8758", "action_flag": 2, "change_message": "[]"}}, {"model": "admin.logentry", "pk": 188, "fields": {"action_time": "2017-06-25T22:20:36.874Z", "user": 1, "content_type": 9, "object_id": "48", "object_repr": "Trade: [2017-05-05] 314.0 EUR for Alphabet Inc -C- Binck XL tl 904.8758", "action_flag": 2, "change_message": "[{\"changed\": {\"fields\": [\"underlying\"]}}]"}}, {"model": "admin.logentry", "pk": 189, "fields": {"action_time": "2017-06-25T22:21:20.117Z", "user": 1, "content_type": 9, "object_id": "4", "object_repr": "Trade: [2017-06-13] 87.25 EUR for Alphabet Inc -C- Binck tl 906.6574", "action_flag": 2, "change_message": "[{\"changed\": {\"fields\": [\"underlying\"]}}]"}}, {"model": "admin.logentry", "pk": 190, "fields": {"action_time": "2017-06-25T22:27:31.014Z", "user": 1, "content_type": 9, "object_id": "34", "object_repr": "Trade: [2017-05-26] 522.0 EUR for AEX-Index Binck turboXL long 511.4297", "action_flag": 2, "change_message": "[{\"changed\": {\"fields\": [\"underlying\"]}}]"}}, {"model": "admin.logentry", "pk": 191, "fields": {"action_time": "2017-06-25T22:28:09.962Z", "user": 1, "content_type": 9, "object_id": "34", "object_repr": "Trade: [2017-05-26] 522.0 EUR for AEX-Index Binck turboXL long 511.4297", "action_flag": 2, "change_message": "[]"}}, {"model": "admin.logentry", "pk": 192, "fields": {"action_time": "2017-06-25T22:28:37.330Z", "user": 1, "content_type": 9, "object_id": "38", "object_repr": "Trade: [2017-05-24] 388.2 EUR for Apple Inc Binck turboXL long 140.651", "action_flag": 2, "change_message": "[]"}}, {"model": "admin.logentry", "pk": 193, "fields": {"action_time": "2017-06-25T22:37:18.735Z", "user": 1, "content_type": 9, "object_id": "49", "object_repr": "Trade: [2017-06-23] 217.5 EUR for BMW AG Binck turbo long 80.9818", "action_flag": 1, "change_message": "[{\"added\": {}}]"}}, {"model": "admin.logentry", "pk": 194, "fields": {"action_time": "2017-06-25T22:41:02.663Z", "user": 1, "content_type": 9, "object_id": "25", "object_repr": "Trade: [2017-05-03] 182.4 EUR for Walt Disney Co Binck XL tl 108.1058", "action_flag": 2, "change_message": "[{\"changed\": {\"fields\": [\"operation\"]}}]"}}, {"model": "admin.logentry", "pk": 195, "fields": {"action_time": "2017-06-25T22:41:09.872Z", "user": 1, "content_type": 9, "object_id": "43", "object_repr": "Trade: [2017-05-12] 40.4 EUR for Walt Disney Co Binck XL tl 108.1058", "action_flag": 2, "change_message": "[{\"changed\": {\"fields\": [\"operation\"]}}]"}}, {"model": "admin.logentry", "pk": 196, "fields": {"action_time": "2017-06-25T22:41:18.046Z", "user": 1, "content_type": 9, "object_id": "42", "object_repr": "Trade: [2017-05-16] 0.0 EUR for Walt Disney Co Binck XL tl 108.1058", "action_flag": 2, "change_message": "[{\"changed\": {\"fields\": [\"operation\"]}}]"}}, {"model": "admin.logentry", "pk": 197, "fields": {"action_time": "2017-06-25T22:43:47.533Z", "user": 1, "content_type": 7, "object_id": "6", "object_repr": "Operation: Walt Disney Co Binck XL", "action_flag": 2, "change_message": "[{\"changed\": {\"fields\": [\"is_active\"]}}]"}}, {"model": "admin.logentry", "pk": 198, "fields": {"action_time": "2017-06-25T22:44:52.802Z", "user": 1, "content_type": 9, "object_id": "23", "object_repr": "Trade: [2017-05-03] 212.2 EUR for McDonalds Corp Binck XL tl 133.0397", "action_flag": 2, "change_message": "[{\"changed\": {\"fields\": [\"operation\"]}}]"}}, {"model": "admin.logentry", "pk": 199, "fields": {"action_time": "2017-06-25T22:45:05.424Z", "user": 1, "content_type": 9, "object_id": "37", "object_repr": "Trade: [2017-05-24] -294.0 EUR for McDonalds Corp Binck XL tl 133.0397", "action_flag": 2, "change_message": "[{\"changed\": {\"fields\": [\"operation\"]}}]"}}, {"model": "admin.logentry", "pk": 200, "fields": {"action_time": "2017-06-25T22:45:18.252Z", "user": 1, "content_type": 7, "object_id": "5", "object_repr": "Operation: McDonalds Corp Binck XL", "action_flag": 2, "change_message": "[{\"changed\": {\"fields\": [\"is_active\"]}}]"}}, {"model": "admin.logentry", "pk": 201, "fields": {"action_time": "2017-06-25T22:45:53.279Z", "user": 1, "content_type": 9, "object_id": "33", "object_repr": "Trade: [2017-05-30] -210.0 EUR for Intesa SanPaolo S.p.A. CB Btl 1.8529", "action_flag": 2, "change_message": "[{\"changed\": {\"fields\": [\"operation\"]}}]"}}, {"model": "admin.logentry", "pk": 202, "fields": {"action_time": "2017-06-25T22:46:04.581Z", "user": 1, "content_type": 9, "object_id": "45", "object_repr": "Trade: [2017-05-09] 270.0 EUR for Intesa SanPaolo S.p.A. CB Btl 1.8529", "action_flag": 2, "change_message": "[{\"changed\": {\"fields\": [\"operation\"]}}]"}}, {"model": "admin.logentry", "pk": 203, "fields": {"action_time": "2017-06-25T22:46:11.229Z", "user": 1, "content_type": 7, "object_id": "8", "object_repr": "Operation: Intesa SanPaolo S.p.A. CB", "action_flag": 2, "change_message": "[{\"changed\": {\"fields\": [\"is_active\"]}}]"}}, {"model": "admin.logentry", "pk": 204, "fields": {"action_time": "2017-06-26T08:16:54.012Z", "user": 1, "content_type": 9, "object_id": "1", "object_repr": "Trade: [2017-02-02] 940.97 EUR for 49.0 Alphabet Inc -C- Binck XL tl 610.9417", "action_flag": 2, "change_message": "[{\"changed\": {\"fields\": [\"operation\"]}}]"}}, {"model": "admin.logentry", "pk": 205, "fields": {"action_time": "2017-06-26T08:17:00.825Z", "user": 1, "content_type": 9, "object_id": "2", "object_repr": "Trade: [2017-02-13] -1035.25 EUR for -49.0 Alphabet Inc -C- Binck XL tl 610.9417", "action_flag": 2, "change_message": "[{\"changed\": {\"fields\": [\"operation\"]}}]"}}, {"model": "admin.logentry", "pk": 206, "fields": {"action_time": "2017-06-26T08:17:07.349Z", "user": 1, "content_type": 9, "object_id": "3", "object_repr": "Trade: [2017-02-15] 901.0 EUR for 100.0 Alphabet Inc -C- Binck XL tl 743.3124", "action_flag": 2, "change_message": "[{\"changed\": {\"fields\": [\"operation\"]}}]"}}, {"model": "admin.logentry", "pk": 207, "fields": {"action_time": "2017-06-26T08:17:13.226Z", "user": 1, "content_type": 9, "object_id": "5", "object_repr": "Trade: [2017-03-08] -1013.8 EUR for -100.0 Alphabet Inc -C- Binck XL tl 743.3124", "action_flag": 2, "change_message": "[{\"changed\": {\"fields\": [\"operation\"]}}]"}}, {"model": "admin.logentry", "pk": 208, "fields": {"action_time": "2017-06-26T08:17:19.091Z", "user": 1, "content_type": 9, "object_id": "9", "object_repr": "Trade: [2017-03-10] 991.32 EUR for 170.0 Alphabet Inc -C- Binck XL tl 797.9085", "action_flag": 2, "change_message": "[{\"changed\": {\"fields\": [\"operation\"]}}]"}}, {"model": "admin.logentry", "pk": 209, "fields": {"action_time": "2017-06-26T08:17:24.926Z", "user": 1, "content_type": 9, "object_id": "11", "object_repr": "Trade: [2017-03-27] 78.6 EUR for 30.0 Alphabet Inc -C- Binck XL tl 797.9085", "action_flag": 2, "change_message": "[{\"changed\": {\"fields\": [\"operation\"]}}]"}}, {"model": "admin.logentry", "pk": 210, "fields": {"action_time": "2017-06-26T08:17:30.711Z", "user": 1, "content_type": 9, "object_id": "19", "object_repr": "Trade: [2017-04-24] -1394.0 EUR for -200.0 Alphabet Inc -C- Binck XL tl 797.9085", "action_flag": 2, "change_message": "[{\"changed\": {\"fields\": [\"operation\"]}}]"}}, {"model": "admin.logentry", "pk": 211, "fields": {"action_time": "2017-06-26T08:17:36.250Z", "user": 1, "content_type": 9, "object_id": "48", "object_repr": "Trade: [2017-05-05] 314.0 EUR for 100.0 Alphabet Inc -C- Binck XL tl 904.8758", "action_flag": 2, "change_message": "[{\"changed\": {\"fields\": [\"operation\"]}}]"}}, {"model": "admin.logentry", "pk": 212, "fields": {"action_time": "2017-06-26T08:17:41.896Z", "user": 1, "content_type": 9, "object_id": "40", "object_repr": "Trade: [2017-05-24] -514.4 EUR for -100.0 Alphabet Inc -C- Binck XL tl 904.8758", "action_flag": 2, "change_message": "[{\"changed\": {\"fields\": [\"operation\"]}}]"}}, {"model": "admin.logentry", "pk": 213, "fields": {"action_time": "2017-06-26T08:17:48.345Z", "user": 1, "content_type": 9, "object_id": "32", "object_repr": "Trade: [2017-05-30] 425.55 EUR for 150.0 Alphabet Inc -C- Binck XL tl 951.0378", "action_flag": 2, "change_message": "[{\"changed\": {\"fields\": [\"operation\"]}}]"}}, {"model": "admin.logentry", "pk": 214, "fields": {"action_time": "2017-06-26T08:17:53.780Z", "user": 1, "content_type": 9, "object_id": "26", "object_repr": "Trade: [2017-06-06] -580.2 EUR for -150.0 Alphabet Inc -C- Binck XL tl 951.0378", "action_flag": 2, "change_message": "[{\"changed\": {\"fields\": [\"operation\"]}}]"}}, {"model": "admin.logentry", "pk": 215, "fields": {"action_time": "2017-06-26T08:17:59.879Z", "user": 1, "content_type": 9, "object_id": "18", "object_repr": "Trade: [2017-06-08] 309.6 EUR for 120.0 Alphabet Inc -C- Binck XL tl 960.2097", "action_flag": 2, "change_message": "[{\"changed\": {\"fields\": [\"operation\"]}}]"}}, {"model": "admin.logentry", "pk": 216, "fields": {"action_time": "2017-06-26T08:18:05.183Z", "user": 1, "content_type": 9, "object_id": "30", "object_repr": "Trade: [2017-06-09] 0.0 EUR for -120.0 Alphabet Inc -C- Binck XL tl 960.2097", "action_flag": 2, "change_message": "[{\"changed\": {\"fields\": [\"operation\"]}}]"}}, {"model": "admin.logentry", "pk": 217, "fields": {"action_time": "2017-06-26T08:18:12.850Z", "user": 1, "content_type": 9, "object_id": "28", "object_repr": "Trade: [2017-06-12] 0.0 EUR for -1000.0 Alphabet Inc -C- Binck XL tl 930.3047", "action_flag": 2, "change_message": "[{\"changed\": {\"fields\": [\"operation\"]}}]"}}, {"model": "admin.logentry", "pk": 218, "fields": {"action_time": "2017-06-26T08:18:18.084Z", "user": 1, "content_type": 9, "object_id": "10", "object_repr": "Trade: [2017-06-12] 290.0 EUR for 1000.0 Alphabet Inc -C- Binck XL tl 930.3047", "action_flag": 2, "change_message": "[{\"changed\": {\"fields\": [\"operation\"]}}]"}}, {"model": "admin.logentry", "pk": 219, "fields": {"action_time": "2017-06-26T08:18:23.947Z", "user": 1, "content_type": 9, "object_id": "4", "object_repr": "Trade: [2017-06-13] 87.25 EUR for 10.0 Alphabet Inc -C- Binck tl 906.6574", "action_flag": 2, "change_message": "[{\"changed\": {\"fields\": [\"operation\"]}}]"}}, {"model": "admin.logentry", "pk": 220, "fields": {"action_time": "2017-06-26T18:27:20.231Z", "user": 1, "content_type": 9, "object_id": "13", "object_repr": "Trade: [2017-04-03] 110.22 EUR for 180.0 Apple Inc Binck turboXL long 138.9873", "action_flag": 2, "change_message": "[{\"changed\": {\"fields\": [\"operation\"]}}]"}}, {"model": "admin.logentry", "pk": 221, "fields": {"action_time": "2017-06-26T18:27:27.115Z", "user": 1, "content_type": 9, "object_id": "46", "object_repr": "Trade: [2017-05-08] -192.54 EUR for -180.0 Apple Inc Binck turboXL long 138.9873", "action_flag": 2, "change_message": "[{\"changed\": {\"fields\": [\"operation\"]}}]"}}, {"model": "admin.logentry", "pk": 222, "fields": {"action_time": "2017-06-26T18:27:32.594Z", "user": 1, "content_type": 9, "object_id": "38", "object_repr": "Trade: [2017-05-24] 388.2 EUR for 300.0 Apple Inc Binck turboXL long 140.651", "action_flag": 2, "change_message": "[{\"changed\": {\"fields\": [\"operation\"]}}]"}}, {"model": "admin.logentry", "pk": 223, "fields": {"action_time": "2017-06-26T18:27:38.531Z", "user": 1, "content_type": 9, "object_id": "7", "object_repr": "Trade: [2017-06-12] 44.7 EUR for 100.0 Apple Inc Binck turboXL long 140.651", "action_flag": 2, "change_message": "[{\"changed\": {\"fields\": [\"operation\"]}}]"}}, {"model": "admin.logentry", "pk": 224, "fields": {"action_time": "2017-06-26T18:29:59.665Z", "user": 1, "content_type": 9, "object_id": "14", "object_repr": "Trade: [2017-04-12] 351.3 EUR for 150.0 AEX-Index Binck turboXL long 495.8423", "action_flag": 2, "change_message": "[{\"changed\": {\"fields\": [\"operation\"]}}]"}}, {"model": "admin.logentry", "pk": 225, "fields": {"action_time": "2017-06-26T18:30:17.016Z", "user": 1, "content_type": 9, "object_id": "16", "object_repr": "Trade: [2017-04-19] 162.0 EUR for 100.0 AEX BNP Booster long 495.4", "action_flag": 2, "change_message": "[{\"changed\": {\"fields\": [\"operation\"]}}]"}}, {"model": "admin.logentry", "pk": 226, "fields": {"action_time": "2017-06-26T18:30:23.598Z", "user": 1, "content_type": 9, "object_id": "17", "object_repr": "Trade: [2017-04-24] -257.0 EUR for -100.0 AEX BNP Booster long 495.4", "action_flag": 2, "change_message": "[{\"changed\": {\"fields\": [\"operation\"]}}]"}}, {"model": "admin.logentry", "pk": 227, "fields": {"action_time": "2017-06-26T18:30:30.180Z", "user": 1, "content_type": 9, "object_id": "27", "object_repr": "Trade: [2017-05-05] -540.0 EUR for -150.0 AEX-Index Binck turboXL long 495.8423", "action_flag": 2, "change_message": "[{\"changed\": {\"fields\": [\"operation\"]}}]"}}, {"model": "admin.logentry", "pk": 228, "fields": {"action_time": "2017-06-26T18:30:36.565Z", "user": 1, "content_type": 9, "object_id": "44", "object_repr": "Trade: [2017-05-10] 370.8 EUR for 300.0 AEX-Index Binck turboXL long 523.3603", "action_flag": 2, "change_message": "[{\"changed\": {\"fields\": [\"operation\"]}}]"}}, {"model": "admin.logentry", "pk": 229, "fields": {"action_time": "2017-06-26T18:30:43.072Z", "user": 1, "content_type": 9, "object_id": "41", "object_repr": "Trade: [2017-05-18] 0.0 EUR for -300.0 300 AEX-Index Binck turboXL long 523.3603", "action_flag": 2, "change_message": "[{\"changed\": {\"fields\": [\"operation\"]}}]"}}, {"model": "admin.logentry", "pk": 230, "fields": {"action_time": "2017-06-26T18:30:48.972Z", "user": 1, "content_type": 9, "object_id": "34", "object_repr": "Trade: [2017-05-26] 522.0 EUR for 300.0 AEX-Index Binck turboXL long 511.4297", "action_flag": 2, "change_message": "[{\"changed\": {\"fields\": [\"operation\"]}}]"}}, {"model": "admin.logentry", "pk": 231, "fields": {"action_time": "2017-06-26T18:32:31.049Z", "user": 1, "content_type": 9, "object_id": "21", "object_repr": "Trade: [2017-04-25] 266.4 EUR for 300.0 ASML Binck turboXL long 114.7054", "action_flag": 2, "change_message": "[{\"changed\": {\"fields\": [\"operation\"]}}]"}}, {"model": "admin.logentry", "pk": 232, "fields": {"action_time": "2017-06-26T18:32:39.569Z", "user": 1, "content_type": 9, "object_id": "39", "object_repr": "Trade: [2017-05-24] 67.3 EUR for 100.0 ASML Binck turboXL long 114.7054", "action_flag": 2, "change_message": "[{\"changed\": {\"fields\": [\"operation\"]}}]"}}, {"model": "admin.logentry", "pk": 233, "fields": {"action_time": "2017-06-26T18:32:46.530Z", "user": 1, "content_type": 9, "object_id": "31", "object_repr": "Trade: [2017-05-31] 49.2 EUR for 100.0 ASML Binck turboXL long 114.7054", "action_flag": 2, "change_message": "[{\"changed\": {\"fields\": [\"operation\"]}}]"}}, {"model": "admin.logentry", "pk": 234, "fields": {"action_time": "2017-06-26T18:32:53.403Z", "user": 1, "content_type": 9, "object_id": "22", "object_repr": "Trade: [2017-06-08] -51.0 EUR for -100.0 ASML Binck turboXL long 114.7054", "action_flag": 2, "change_message": "[{\"changed\": {\"fields\": [\"operation\"]}}]"}}, {"model": "admin.logentry", "pk": 235, "fields": {"action_time": "2017-06-26T18:33:00.138Z", "user": 1, "content_type": 9, "object_id": "15", "object_repr": "Trade: [2017-06-08] -59.0 EUR for -100.0 ASML Binck turboXL long 114.7054", "action_flag": 2, "change_message": "[{\"changed\": {\"fields\": [\"operation\"]}}]"}}, {"model": "admin.logentry", "pk": 236, "fields": {"action_time": "2017-06-26T18:33:08.627Z", "user": 1, "content_type": 9, "object_id": "29", "object_repr": "Trade: [2017-06-12] 0.0 EUR for -300.0 ASML Binck turboXL long 114.7054", "action_flag": 2, "change_message": "[{\"changed\": {\"fields\": [\"operation\"]}}]"}}, {"model": "admin.logentry", "pk": 237, "fields": {"action_time": "2017-06-26T19:01:29.025Z", "user": 1, "content_type": 9, "object_id": "47", "object_repr": "Trade: [2017-05-08] 187.4 EUR for 100.0 Royal Dutch Shell -A Binck XL tl 22.7932", "action_flag": 2, "change_message": "[{\"changed\": {\"fields\": [\"operation\"]}}]"}}, {"model": "admin.logentry", "pk": 238, "fields": {"action_time": "2017-06-26T19:02:38.896Z", "user": 1, "content_type": 9, "object_id": "36", "object_repr": "Trade: [2017-05-24] 304.8 EUR for 150.0 General Electric Co Binck XL tl 25.9556", "action_flag": 2, "change_message": "[{\"changed\": {\"fields\": [\"operation\"]}}]"}}, {"model": "admin.logentry", "pk": 239, "fields": {"action_time": "2017-06-26T19:02:45.201Z", "user": 1, "content_type": 9, "object_id": "20", "object_repr": "Trade: [2017-06-08] -252.15 EUR for -150.0 General Electric Co Binck XL tl 25.9556", "action_flag": 2, "change_message": "[{\"changed\": {\"fields\": [\"operation\"]}}]"}}, {"model": "admin.logentry", "pk": 240, "fields": {"action_time": "2017-06-26T19:06:53.610Z", "user": 1, "content_type": 7, "object_id": "3", "object_repr": "Operation: AEX-Index", "action_flag": 2, "change_message": "[{\"changed\": {\"fields\": [\"name\"]}}]"}}, {"model": "admin.logentry", "pk": 241, "fields": {"action_time": "2017-06-26T19:07:58.089Z", "user": 1, "content_type": 7, "object_id": "9", "object_repr": "Operation: General Electric Co", "action_flag": 2, "change_message": "[{\"changed\": {\"fields\": [\"name\"]}}]"}}, {"model": "admin.logentry", "pk": 242, "fields": {"action_time": "2017-06-26T19:08:16.434Z", "user": 1, "content_type": 7, "object_id": "7", "object_repr": "Operation: Royal Dutch Shell -A", "action_flag": 2, "change_message": "[{\"changed\": {\"fields\": [\"name\"]}}]"}}, {"model": "admin.logentry", "pk": 243, "fields": {"action_time": "2017-06-26T19:08:24.071Z", "user": 1, "content_type": 7, "object_id": "6", "object_repr": "Operation: Walt Disney Co", "action_flag": 2, "change_message": "[{\"changed\": {\"fields\": [\"name\"]}}]"}}, {"model": "admin.logentry", "pk": 244, "fields": {"action_time": "2017-06-26T19:08:29.266Z", "user": 1, "content_type": 7, "object_id": "5", "object_repr": "Operation: McDonalds Corp", "action_flag": 2, "change_message": "[{\"changed\": {\"fields\": [\"name\"]}}]"}}, {"model": "admin.logentry", "pk": 245, "fields": {"action_time": "2017-06-26T19:08:38.093Z", "user": 1, "content_type": 7, "object_id": "4", "object_repr": "Operation: ASML", "action_flag": 2, "change_message": "[{\"changed\": {\"fields\": [\"name\"]}}]"}}, {"model": "admin.logentry", "pk": 246, "fields": {"action_time": "2017-06-26T19:08:44.408Z", "user": 1, "content_type": 7, "object_id": "2", "object_repr": "Operation: Apple Inc", "action_flag": 2, "change_message": "[{\"changed\": {\"fields\": [\"name\"]}}]"}}, {"model": "admin.logentry", "pk": 247, "fields": {"action_time": "2017-06-26T19:08:49.923Z", "user": 1, "content_type": 7, "object_id": "1", "object_repr": "Operation: Alphabet Inc -C-", "action_flag": 2, "change_message": "[{\"changed\": {\"fields\": [\"name\"]}}]"}}, {"model": "admin.logentry", "pk": 248, "fields": {"action_time": "2017-06-26T19:08:57.970Z", "user": 1, "content_type": 7, "object_id": "7", "object_repr": "Operation: Royal Dutch Shell -A-", "action_flag": 2, "change_message": "[{\"changed\": {\"fields\": [\"name\"]}}]"}}, {"model": "admin.logentry", "pk": 249, "fields": {"action_time": "2017-06-26T19:09:29.334Z", "user": 1, "content_type": 7, "object_id": "10", "object_repr": "Operation: Boeing", "action_flag": 1, "change_message": "[{\"added\": {}}]"}}, {"model": "admin.logentry", "pk": 250, "fields": {"action_time": "2017-06-26T19:09:31.385Z", "user": 1, "content_type": 9, "object_id": "50", "object_repr": "Trade: [2017-06-26] 240.0 EUR for 100.0 Boeing Co Binck turboXL long 176.1705", "action_flag": 1, "change_message": "[{\"added\": {}}]"}}, {"model": "admin.logentry", "pk": 251, "fields": {"action_time": "2017-06-26T19:09:45.447Z", "user": 1, "content_type": 9, "object_id": "50", "object_repr": "Trade: [2017-06-26] 240.0 EUR for 100.0 Boeing Co Binck turboXL long 176.1705", "action_flag": 2, "change_message": "[{\"changed\": {\"fields\": [\"operation\"]}}]"}}, {"model": "admin.logentry", "pk": 252, "fields": {"action_time": "2017-06-26T19:10:15.698Z", "user": 1, "content_type": 7, "object_id": "11", "object_repr": "Operation: AEGON NV", "action_flag": 1, "change_message": "[{\"added\": {}}]"}}, {"model": "admin.logentry", "pk": 253, "fields": {"action_time": "2017-06-26T19:10:41.570Z", "user": 1, "content_type": 7, "object_id": "12", "object_repr": "Operation: NASDAQ 100", "action_flag": 1, "change_message": "[{\"added\": {}}]"}}, {"model": "admin.logentry", "pk": 254, "fields": {"action_time": "2017-06-26T19:10:54.670Z", "user": 1, "content_type": 9, "object_id": "51", "object_repr": "Trade: [2017-06-26] 376.0 EUR for 1000.0 Intesa SanPaolo S.p.A. CB Btl 2.3983", "action_flag": 1, "change_message": "[{\"added\": {}}]"}}, {"model": "admin.logentry", "pk": 255, "fields": {"action_time": "2017-06-26T19:11:10.481Z", "user": 1, "content_type": 7, "object_id": "13", "object_repr": "Operation: EUR-GBP", "action_flag": 1, "change_message": "[{\"added\": {}}]"}}, {"model": "admin.logentry", "pk": 256, "fields": {"action_time": "2017-06-26T19:11:24.402Z", "user": 1, "content_type": 9, "object_id": "12", "object_repr": "Trade: [2017-06-09] 61.78 EUR for 20.0 British Pound (EUR / Binck XL tl 0.8559", "action_flag": 2, "change_message": "[{\"changed\": {\"fields\": [\"operation\"]}}]"}}, {"model": "admin.logentry", "pk": 257, "fields": {"action_time": "2017-06-26T19:11:38.688Z", "user": 1, "content_type": 9, "object_id": "52", "object_repr": "Trade: [2017-06-26] 404.0 EUR for 200.0 Henkel GS turbo long 114.2", "action_flag": 1, "change_message": "[{\"added\": {}}]"}}, {"model": "admin.logentry", "pk": 258, "fields": {"action_time": "2017-06-26T19:12:12.922Z", "user": 1, "content_type": 9, "object_id": "6", "object_repr": "Trade: [2017-06-13] -56.8 EUR for -20.0 British Pound (EUR / Binck XL tl 0.8559", "action_flag": 2, "change_message": "[{\"changed\": {\"fields\": [\"operation\"]}}]"}}, {"model": "admin.logentry", "pk": 259, "fields": {"action_time": "2017-06-26T19:14:09.500Z", "user": 1, "content_type": 7, "object_id": "14", "object_repr": "Operation: BMW AG", "action_flag": 1, "change_message": "[{\"added\": {}}]"}}, {"model": "admin.logentry", "pk": 260, "fields": {"action_time": "2017-06-26T19:14:26.668Z", "user": 1, "content_type": 7, "object_id": "15", "object_repr": "Operation: Henkel GS", "action_flag": 1, "change_message": "[{\"added\": {}}]"}}, {"model": "admin.logentry", "pk": 261, "fields": {"action_time": "2017-06-26T19:14:39.168Z", "user": 1, "content_type": 7, "object_id": "10", "object_repr": "Operation: Boeing Co", "action_flag": 2, "change_message": "[{\"changed\": {\"fields\": [\"name\"]}}]"}}, {"model": "admin.logentry", "pk": 262, "fields": {"action_time": "2017-06-26T19:15:48.456Z", "user": 1, "content_type": 9, "object_id": "52", "object_repr": "Trade: [2017-06-26] 404.0 EUR for 200.0 Henkel GS turbo long 114.2", "action_flag": 2, "change_message": "[{\"changed\": {\"fields\": [\"operation\"]}}]"}}, {"model": "admin.logentry", "pk": 263, "fields": {"action_time": "2017-06-26T19:16:02.678Z", "user": 1, "content_type": 9, "object_id": "51", "object_repr": "Trade: [2017-06-26] 376.0 EUR for 1000.0 Intesa SanPaolo S.p.A. CB Btl 2.3983", "action_flag": 2, "change_message": "[{\"changed\": {\"fields\": [\"operation\"]}}]"}}, {"model": "admin.logentry", "pk": 264, "fields": {"action_time": "2017-06-26T19:18:25.514Z", "user": 1, "content_type": 9, "object_id": "35", "object_repr": "Trade: ** Operation: AEGON NV **[2017-05-25] 670.05 EUR for 150.0 AEGON NV", "action_flag": 2, "change_message": "[{\"changed\": {\"fields\": [\"operation\"]}}]"}}, {"model": "admin.logentry", "pk": 265, "fields": {"action_time": "2017-06-26T19:18:37.353Z", "user": 1, "content_type": 9, "object_id": "24", "object_repr": "Trade: ** Operation: NASDAQ 100 **[2017-06-06] 616.2 EUR for 180.0 NQ 100 ING Sprinter BEST long 5531.34", "action_flag": 2, "change_message": "[{\"changed\": {\"fields\": [\"operation\"]}}]"}}, {"model": "admin.logentry", "pk": 266, "fields": {"action_time": "2017-06-26T19:18:46.647Z", "user": 1, "content_type": 9, "object_id": "8", "object_repr": "Trade: ** Operation: NASDAQ 100 **[2017-06-12] 136.2 EUR for 70.0 NQ 100 ING Sprinter BEST long 5531.34", "action_flag": 2, "change_message": "[{\"changed\": {\"fields\": [\"operation\"]}}]"}}, {"model": "admin.logentry", "pk": 267, "fields": {"action_time": "2017-06-26T19:18:54.009Z", "user": 1, "content_type": 9, "object_id": "49", "object_repr": "Trade: ** Operation: BMW AG **[2017-06-23] 217.5 EUR for 300.0 BMW AG Binck turbo long 80.9818", "action_flag": 2, "change_message": "[{\"changed\": {\"fields\": [\"operation\"]}}]"}}, {"model": "admin.logentry", "pk": 268, "fields": {"action_time": "2017-07-08T11:09:39.664Z", "user": 1, "content_type": 2, "object_id": "2", "object_repr": "totobgycs", "action_flag": 1, "change_message": "[{\"added\": {}}]"}}, {"model": "admin.logentry", "pk": 269, "fields": {"action_time": "2017-07-08T11:09:59.523Z", "user": 1, "content_type": 2, "object_id": "2", "object_repr": "totobgycs", "action_flag": 2, "change_message": "[{\"changed\": {\"fields\": [\"is_staff\", \"is_superuser\"]}}]"}}, {"model": "admin.logentry", "pk": 270, "fields": {"action_time": "2017-07-08T11:14:25.359Z", "user": 2, "content_type": 7, "object_id": "16", "object_repr": "Operation: EUR/USD", "action_flag": 1, "change_message": "[{\"added\": {}}]"}}, {"model": "admin.logentry", "pk": 271, "fields": {"action_time": "2017-07-08T11:14:29.889Z", "user": 2, "content_type": 9, "object_id": "53", "object_repr": "Trade: [2017-06-30] 165.92 EUR for 40.0 US Dollar (EUR / USD) Binck ts 1.1792", "action_flag": 1, "change_message": "[{\"added\": {}}]"}}, {"model": "admin.logentry", "pk": 272, "fields": {"action_time": "2017-07-08T11:14:29.968Z", "user": 2, "content_type": 9, "object_id": "54", "object_repr": "Trade: [2017-06-30] 165.92 EUR for 40.0 US Dollar (EUR / USD) Binck ts 1.1792", "action_flag": 1, "change_message": "[{\"added\": {}}]"}}, {"model": "admin.logentry", "pk": 273, "fields": {"action_time": "2017-07-08T11:15:01.118Z", "user": 2, "content_type": 9, "object_id": "53", "object_repr": "Trade: [2017-06-30] 165.92 EUR for 40.0 US Dollar (EUR / USD) Binck ts 1.1792", "action_flag": 3, "change_message": ""}}, {"model": "admin.logentry", "pk": 274, "fields": {"action_time": "2017-07-08T11:16:57.641Z", "user": 2, "content_type": 9, "object_id": "55", "object_repr": "Trade: [2017-07-04] 464.0 EUR for 1000.0 Intesa SanPaolo S.p.A. CB Btl 2.4009", "action_flag": 1, "change_message": "[{\"added\": {}}]"}}, {"model": "admin.logentry", "pk": 275, "fields": {"action_time": "2017-07-08T11:18:10.304Z", "user": 2, "content_type": 9, "object_id": "56", "object_repr": "Trade: [2017-07-04] 695.0 EUR for 1000.0 BAM Binck turbo long 4.3593", "action_flag": 1, "change_message": "[{\"added\": {}}]"}}, {"model": "admin.logentry", "pk": 276, "fields": {"action_time": "2017-07-08T11:18:37.819Z", "user": 2, "content_type": 9, "object_id": "55", "object_repr": "Trade: [2017-07-04] 464.0 EUR for -1000.0 Intesa SanPaolo S.p.A. CB Btl 2.4009", "action_flag": 2, "change_message": "[{\"changed\": {\"fields\": [\"openorclose\", \"volume\"]}}]"}}, {"model": "admin.logentry", "pk": 277, "fields": {"action_time": "2017-07-08T11:19:00.061Z", "user": 2, "content_type": 9, "object_id": "55", "object_repr": "Trade: [2017-07-04] -464.0 EUR for -1000.0 Intesa SanPaolo S.p.A. CB Btl 2.4009", "action_flag": 2, "change_message": "[{\"changed\": {\"fields\": [\"value\"]}}]"}}, {"model": "admin.logentry", "pk": 278, "fields": {"action_time": "2017-07-08T11:19:48.282Z", "user": 2, "content_type": 7, "object_id": "17", "object_repr": "Operation: BAM", "action_flag": 1, "change_message": "[{\"added\": {}}]"}}, {"model": "admin.logentry", "pk": 279, "fields": {"action_time": "2017-07-08T11:19:50.983Z", "user": 2, "content_type": 9, "object_id": "56", "object_repr": "Trade: [2017-07-04] 695.0 EUR for 1000.0 BAM Binck turbo long 4.3593", "action_flag": 2, "change_message": "[{\"changed\": {\"fields\": [\"operation\"]}}]"}}, {"model": "admin.logentry", "pk": 280, "fields": {"action_time": "2017-07-08T11:21:06.372Z", "user": 2, "content_type": 9, "object_id": "57", "object_repr": "Trade: [2017-07-05] -183.9 EUR for 40.0 US Dollar (EUR / USD) Binck ts 1.1792", "action_flag": 1, "change_message": "[{\"added\": {}}]"}}, {"model": "admin.logentry", "pk": 281, "fields": {"action_time": "2017-07-08T11:22:24.371Z", "user": 2, "content_type": 9, "object_id": "58", "object_repr": "Trade: [2017-07-07] 165.5 EUR for 100.0 McDonalds Corp Binck XL tl 136.4282", "action_flag": 1, "change_message": "[{\"added\": {}}]"}}, {"model": "admin.logentry", "pk": 282, "fields": {"action_time": "2017-07-08T11:23:06.247Z", "user": 2, "content_type": 9, "object_id": "57", "object_repr": "Trade: [2017-07-05] -183.9 EUR for -40.0 US Dollar (EUR / USD) Binck ts 1.1792", "action_flag": 2, "change_message": "[{\"changed\": {\"fields\": [\"openorclose\", \"volume\"]}}]"}}, {"model": "admin.logentry", "pk": 283, "fields": {"action_time": "2017-07-08T11:27:39.210Z", "user": 2, "content_type": 9, "object_id": "59", "object_repr": "Trade: [2017-07-28] 107.82 EUR for 20.0 Alphabet Inc -C- Binck tl 907.4565", "action_flag": 1, "change_message": "[{\"added\": {}}]"}}, {"model": "admin.logentry", "pk": 284, "fields": {"action_time": "2017-07-08T11:28:41.161Z", "user": 2, "content_type": 9, "object_id": "60", "object_repr": "Trade: [2017-06-30] 0.0 EUR for -300.0 AEX-Index Binck turboXL long 511.6488", "action_flag": 1, "change_message": "[{\"added\": {}}]"}}, {"model": "admin.logentry", "pk": 285, "fields": {"action_time": "2017-07-08T11:28:41.217Z", "user": 2, "content_type": 9, "object_id": "61", "object_repr": "Trade: [2017-06-30] 0.0 EUR for -300.0 AEX-Index Binck turboXL long 511.6488", "action_flag": 1, "change_message": "[{\"added\": {}}]"}}, {"model": "admin.logentry", "pk": 286, "fields": {"action_time": "2017-07-08T11:29:09.386Z", "user": 2, "content_type": 9, "object_id": "59", "object_repr": "Trade: [2017-06-28] 107.82 EUR for 20.0 Alphabet Inc -C- Binck tl 907.4565", "action_flag": 2, "change_message": "[{\"changed\": {\"fields\": [\"trade_date\"]}}]"}}, {"model": "admin.logentry", "pk": 287, "fields": {"action_time": "2017-07-08T11:30:39.885Z", "user": 2, "content_type": 9, "object_id": "62", "object_repr": "Trade: [2017-07-03] -113.25 EUR for -30.0 Alphabet Inc -C- Binck tl 907.4565", "action_flag": 1, "change_message": "[{\"added\": {}}]"}}, {"model": "admin.logentry", "pk": 288, "fields": {"action_time": "2017-07-08T11:33:15.569Z", "user": 2, "content_type": 7, "object_id": "17", "object_repr": "Operation: BAM", "action_flag": 2, "change_message": "[{\"changed\": {\"fields\": [\"realized_profit\"]}}]"}}, {"model": "admin.logentry", "pk": 289, "fields": {"action_time": "2017-07-08T11:33:25.216Z", "user": 2, "content_type": 7, "object_id": "16", "object_repr": "Operation: EUR/USD", "action_flag": 2, "change_message": "[{\"changed\": {\"fields\": [\"realized_profit\"]}}]"}}, {"model": "admin.logentry", "pk": 290, "fields": {"action_time": "2017-07-08T11:36:44.996Z", "user": 2, "content_type": 9, "object_id": "63", "object_repr": "Trade: [2017-07-03] -100.2 EUR for -300.0 BMW AG Binck turbo long 81.0171", "action_flag": 1, "change_message": "[{\"added\": {}}]"}}, {"model": "admin.logentry", "pk": 291, "fields": {"action_time": "2017-07-14T18:31:48.321Z", "user": 2, "content_type": 9, "object_id": "64", "object_repr": "Trade: [2017-07-11] -266.5 EUR for -100.0 Boeing Co Binck turboXL long 176.5327", "action_flag": 1, "change_message": "[{\"added\": {}}]"}}, {"model": "admin.logentry", "pk": 292, "fields": {"action_time": "2017-07-14T18:33:00.884Z", "user": 2, "content_type": 9, "object_id": "65", "object_repr": "Trade: [2017-07-11] 303.77 EUR for 65.0 Alphabet Inc -C- Binck XL tl 882.1444", "action_flag": 1, "change_message": "[{\"added\": {}}]"}}, {"model": "admin.logentry", "pk": 293, "fields": {"action_time": "2017-07-14T18:33:57.360Z", "user": 2, "content_type": 9, "object_id": "66", "object_repr": "Trade: [2017-07-13] -383.0 EUR for -500.0 BAM Binck turbo long 4.3607", "action_flag": 1, "change_message": "[{\"added\": {}}]"}}, {"model": "admin.logentry", "pk": 294, "fields": {"action_time": "2017-07-14T18:35:21.931Z", "user": 2, "content_type": 7, "object_id": "18", "object_repr": "Operation: Tesla Inc", "action_flag": 1, "change_message": "[{\"added\": {}}]"}}, {"model": "admin.logentry", "pk": 295, "fields": {"action_time": "2017-07-14T18:35:25.955Z", "user": 2, "content_type": 9, "object_id": "67", "object_repr": "Trade: [2017-07-13] 400.5 EUR for 150.0 Tesla Inc Binck turboXL long 302.2186", "action_flag": 1, "change_message": "[{\"added\": {}}]"}}, {"model": "admin.logentry", "pk": 296, "fields": {"action_time": "2017-07-14T18:35:39.729Z", "user": 2, "content_type": 9, "object_id": "67", "object_repr": "Trade: [2017-07-13] 400.5 EUR for 150.0 Tesla Inc Binck turboXL long 302.2186", "action_flag": 2, "change_message": "[]"}}, {"model": "admin.logentry", "pk": 297, "fields": {"action_time": "2017-07-14T18:36:51.709Z", "user": 2, "content_type": 7, "object_id": "19", "object_repr": "Operation: ING Groep", "action_flag": 1, "change_message": "[{\"added\": {}}]"}}, {"model": "admin.logentry", "pk": 298, "fields": {"action_time": "2017-07-14T18:36:53.766Z", "user": 2, "content_type": 9, "object_id": "68", "object_repr": "Trade: [2017-07-14] 471.25 EUR for 250.0 ING Groep Binck turbo long", "action_flag": 1, "change_message": "[{\"added\": {}}]"}}, {"model": "admin.logentry", "pk": 299, "fields": {"action_time": "2017-07-14T18:38:34.404Z", "user": 2, "content_type": 9, "object_id": "69", "object_repr": "Trade: [2017-07-13] -718.5 EUR for -150.0 AEGON NV", "action_flag": 1, "change_message": "[{\"added\": {}}]"}}, {"model": "admin.logentry", "pk": 300, "fields": {"action_time": "2017-07-14T18:39:41.342Z", "user": 2, "content_type": 9, "object_id": "68", "object_repr": "Trade: [2017-07-14] 471.25 EUR for 250.0 ING Groep Binck turbo long", "action_flag": 2, "change_message": "[]"}}, {"model": "admin.logentry", "pk": 301, "fields": {"action_time": "2017-07-14T18:39:54.546Z", "user": 2, "content_type": 9, "object_id": "69", "object_repr": "Trade: [2017-07-13] -718.5 EUR for -150.0 AEGON NV", "action_flag": 2, "change_message": "[{\"changed\": {\"fields\": [\"operation\"]}}]"}}, {"model": "admin.logentry", "pk": 302, "fields": {"action_time": "2017-07-14T18:45:08.189Z", "user": 2, "content_type": 9, "object_id": "68", "object_repr": "Trade: [2017-07-14] 471.25 EUR for 250.0 ING Groep Binck turbo long", "action_flag": 2, "change_message": "[]"}}, {"model": "admin.logentry", "pk": 303, "fields": {"action_time": "2017-07-14T19:19:03.391Z", "user": 2, "content_type": 7, "object_id": "1", "object_repr": "Operation: Alphabet Inc -C-", "action_flag": 2, "change_message": "[]"}}, {"model": "admin.logentry", "pk": 304, "fields": {"action_time": "2017-07-14T19:19:20.080Z", "user": 2, "content_type": 7, "object_id": "13", "object_repr": "Operation: EUR-GBP", "action_flag": 2, "change_message": "[]"}}, {"model": "admin.logentry", "pk": 305, "fields": {"action_time": "2017-07-14T19:34:48.273Z", "user": 2, "content_type": 9, "object_id": "60", "object_repr": "Trade: [2017-06-30] 0.0 EUR for -300.0 AEX-Index Binck turboXL long 511.6488", "action_flag": 3, "change_message": ""}}, {"model": "admin.logentry", "pk": 306, "fields": {"action_time": "2017-07-14T19:41:11.309Z", "user": 2, "content_type": 9, "object_id": "70", "object_repr": "Trade: [2017-07-14] -446.21 EUR for -65.0 Alphabet Inc -C- Binck XL tl 882.1444", "action_flag": 1, "change_message": "[{\"added\": {}}]"}}, {"model": "admin.logentry", "pk": 307, "fields": {"action_time": "2017-07-14T19:52:38.841Z", "user": 2, "content_type": 9, "object_id": "71", "object_repr": "Trade: [2017-07-14] 3524.0 EUR for 200.0 Boeing Co Binck turboXL long 190.5232", "action_flag": 1, "change_message": "[{\"added\": {}}]"}}, {"model": "admin.logentry", "pk": 308, "fields": {"action_time": "2017-07-14T19:57:16.308Z", "user": 2, "content_type": 9, "object_id": "71", "object_repr": "Trade: [2017-07-14] 352.4 EUR for 200.0 Boeing Co Binck turboXL long 190.5232", "action_flag": 2, "change_message": "[{\"changed\": {\"fields\": [\"value\"]}}]"}}, {"model": "admin.logentry", "pk": 309, "fields": {"action_time": "2017-07-14T21:33:43.519Z", "user": 1, "content_type": 7, "object_id": "19", "object_repr": "Operation: ING Groep", "action_flag": 2, "change_message": "[{\"changed\": {\"fields\": [\"position\"]}}]"}}, {"model": "admin.logentry", "pk": 310, "fields": {"action_time": "2017-07-14T22:09:40.458Z", "user": 1, "content_type": 8, "object_id": "9", "object_repr": "Market data: GBPEUR=X", "action_flag": 3, "change_message": ""}}, {"model": "admin.logentry", "pk": 311, "fields": {"action_time": "2017-07-14T22:09:40.462Z", "user": 1, "content_type": 8, "object_id": "8", "object_repr": "Market data: EURUSD=X", "action_flag": 3, "change_message": ""}}, {"model": "admin.logentry", "pk": 312, "fields": {"action_time": "2017-07-27T10:00:24.626Z", "user": 2, "content_type": 9, "object_id": "72", "object_repr": "Trade: [2017-07-27] -981.5 EUR for -250.0 NQ 100 ING Sprinter BEST long 5544.42", "action_flag": 1, "change_message": "[{\"added\": {}}]"}}, {"model": "admin.logentry", "pk": 313, "fields": {"action_time": "2017-07-27T10:19:40.155Z", "user": 2, "content_type": 9, "object_id": "73", "object_repr": "Trade: [2017-07-27] -375.6 EUR for -100.0 Boeing Co Binck turboXL long 190.8108", "action_flag": 1, "change_message": "[{\"added\": {}}]"}}, {"model": "admin.logentry", "pk": 314, "fields": {"action_time": "2017-07-27T11:28:21.361Z", "user": 2, "content_type": 9, "object_id": "74", "object_repr": "Trade: [2017-07-18] 730.9 EUR for 100.0 Alphabet Inc -C- Binck XL tl 883.4762", "action_flag": 1, "change_message": "[{\"added\": {}}]"}}, {"model": "admin.logentry", "pk": 315, "fields": {"action_time": "2017-07-27T11:29:49.331Z", "user": 2, "content_type": 9, "object_id": "75", "object_repr": "Trade: [2017-07-19] -429.5 EUR for -500.0 BAM Binck turbo long 4.3632", "action_flag": 1, "change_message": "[{\"added\": {}}]"}}, {"model": "admin.logentry", "pk": 316, "fields": {"action_time": "2017-08-12T08:52:45.400Z", "user": 2, "content_type": 9, "object_id": "76", "object_repr": "Trade: [2017-08-02] -600.8 EUR for -400.0 Apple Inc Binck turboXL long 141.007", "action_flag": 1, "change_message": "[{\"added\": {}}]"}}, {"model": "admin.logentry", "pk": 317, "fields": {"action_time": "2017-08-12T08:55:48.893Z", "user": 2, "content_type": 9, "object_id": "77", "object_repr": "Trade: [2017-07-28] 556.7 EUR for 100.0 Alphabet Inc -C- Binck XL tl 885.0152", "action_flag": 1, "change_message": "[{\"added\": {}}]"}}, {"model": "admin.logentry", "pk": 318, "fields": {"action_time": "2017-08-12T08:57:20.032Z", "user": 2, "content_type": 9, "object_id": "78", "object_repr": "Trade: [2017-08-03] -629.85 EUR for -150.0 Tesla Inc Binck turboXL long 303.2022", "action_flag": 1, "change_message": "[{\"added\": {}}]"}}, {"model": "admin.logentry", "pk": 319, "fields": {"action_time": "2017-08-12T09:11:12.927Z", "user": 2, "content_type": 9, "object_id": "79", "object_repr": "Trade: [2017-07-27] -434.4 EUR for -100.0 Boeing Co Binck turboXL long 190.149", "action_flag": 1, "change_message": "[{\"added\": {}}]"}}, {"model": "admin.logentry", "pk": 320, "fields": {"action_time": "2017-08-12T09:13:17.765Z", "user": 2, "content_type": 9, "object_id": "80", "object_repr": "Trade: [2017-08-03] 961.44 EUR for 180.0 Boeing Co Binck turboXL long 176.1129", "action_flag": 1, "change_message": "[{\"added\": {}}]"}}, {"model": "admin.logentry", "pk": 321, "fields": {"action_time": "2017-08-12T09:16:17.569Z", "user": 2, "content_type": 9, "object_id": "81", "object_repr": "Trade: [2017-08-07] 1059.6 EUR for 600.0 ASML Binck turboXL long 113.4693", "action_flag": 1, "change_message": "[{\"added\": {}}]"}}, {"model": "admin.logentry", "pk": 322, "fields": {"action_time": "2017-08-12T09:18:19.213Z", "user": 2, "content_type": 9, "object_id": "82", "object_repr": "Trade: [2017-08-07] 816.0 EUR for 1200.0 AEGON NV Binck turboXL long 4.2138", "action_flag": 1, "change_message": "[{\"added\": {}}]"}}, {"model": "admin.logentry", "pk": 323, "fields": {"action_time": "2017-08-12T09:19:51.271Z", "user": 2, "content_type": 9, "object_id": "83", "object_repr": "Trade: [2017-08-10] -624.0 EUR for -600.0 AEGON NV Binck turboXL long 4.2138", "action_flag": 1, "change_message": "[{\"added\": {}}]"}}, {"model": "admin.logentry", "pk": 324, "fields": {"action_time": "2017-08-12T09:20:49.452Z", "user": 2, "content_type": 9, "object_id": "84", "object_repr": "Trade: [2017-08-10] -638.4 EUR for -600.0 AEGON NV Binck turboXL long 4.2138", "action_flag": 1, "change_message": "[{\"added\": {}}]"}}, {"model": "admin.logentry", "pk": 325, "fields": {"action_time": "2017-08-12T09:25:27.967Z", "user": 2, "content_type": 7, "object_id": "20", "object_repr": "Operation: Bitcoin", "action_flag": 1, "change_message": "[{\"added\": {}}]"}}, {"model": "admin.logentry", "pk": 326, "fields": {"action_time": "2017-08-12T09:25:32.149Z", "user": 2, "content_type": 9, "object_id": "85", "object_repr": "Trade: [2017-08-10] 878.36 EUR for 60.0 Bitcoin Tracker One", "action_flag": 1, "change_message": "[{\"added\": {}}]"}}, {"model": "admin.logentry", "pk": 327, "fields": {"action_time": "2017-08-12T09:26:06.826Z", "user": 2, "content_type": 7, "object_id": "20", "object_repr": "Operation: Bitcoin", "action_flag": 2, "change_message": "[{\"changed\": {\"fields\": [\"exposure_value\"]}}]"}}, {"model": "admin.logentry", "pk": 328, "fields": {"action_time": "2017-08-12T09:27:56.271Z", "user": 2, "content_type": 9, "object_id": "86", "object_repr": "Trade: [2017-08-11] 724.42 EUR for 170.0 AEX-Index Binck turbo long 480.7562", "action_flag": 1, "change_message": "[{\"added\": {}}]"}}, {"model": "admin.logentry", "pk": 329, "fields": {"action_time": "2017-08-12T09:30:29.518Z", "user": 2, "content_type": 9, "object_id": "87", "object_repr": "Trade: [2017-08-10] -150.0 EUR for -200.0 Henkel GS turbo long 114.5", "action_flag": 1, "change_message": "[{\"added\": {}}]"}}]